sourcedId,status,dateLastModified,birthDate,sex,americanIndianOrAlaskaNative,asian,blackOrAfricanAmerican,nativeHawaiianOrOtherPacificIslander,white,demographicRaceTwoOrMoreRaces,hispanicOrLatinoEthnicity,countryOfBirthCode,stateOfBirthAbbreviation,cityOfBirth,publicSchoolResidenceStatus
604822,,,1997-09-13,female,false,true,false,false,false,false,false,,,,
604847,,,1997-11-30,female,false,false,true,false,false,false,false,,,,
604849,,,1997-08-29,male,false,false,false,true,false,false,true,,,,
604863,,,1997-05-30,female,false,true,false,false,false,false,true,,,,
604874,,,1997-07-31,male,true,false,false,false,false,false,false,,,,
604881,,,1997-08-07,male,false,false,false,false,true,false,false,,,,
604905,,,1997-08-28,female,false,true,false,false,false,false,false,,,,
604918,,,1997-01-18,male,false,true,false,false,false,false,true,,,,
604927,,,1997-03-30,male,false,false,true,false,false,false,false,,,,
604938,,,1997-10-30,male,false,true,false,false,false,false,false,,,,
604940,,,1997-09-21,male,false,false,false,false,true,false,true,,,,
604956,,,1997-08-05,female,false,true,false,false,false,false,false,,,,
604969,,,1997-12-22,male,false,false,false,false,true,false,false,,,,
604974,,,1997-08-28,female,false,false,true,false,false,false,false,,,,
605015,,,1997-04-06,male,true,false,false,false,false,false,true,,,,