sourcedId,status,dateLastModified,enabledUser,orgSourcedIds,role,username,userIds,givenName,familyName,middleName,identifier,email,sms,phone,agentSourcedIds,grades,password
604822,,,true,255901001,student,Lisa Sybil Woods,{Local:822},Lisa,Woods,Sybil,,hzoqbojc.gdmogba@example.com,,(950) 617 5016,,09,
604847,,,true,255901001,student,Fannie Medina,{Local:847},Fannie,Medina,,,rlksjyq@example.com,,(950) 203 6522,,09,
604849,,,true,255901001,student,Robert Mckee,{Local:849},Robert,Mckee,,,eobb.ntcxbxrtw@example.com,,(950) 788 1183,,09,
604863,,,true,255901001,student,Mary Archer,{Local:863},Mary,Archer,,,mqlqmrqb76@example.com,,(950) 336 6601,,09,
604874,,,true,255901001,student,Kyle Hughes,{Local:874},Kyle,Hughes,,,sqgnjfvq8@example.com,,(950) 413 3235,,09,
604881,,,true,255901001,student,Leonard Randall Mata,{Local:881},Leonard,Mata,Randall,,owntvyj.hwpdcvq@example.com,,(950) 466 7701,,09,
604905,,,true,255901001,student,Luz Grace Griffin,{Local:905},Luz,Griffin,Grace,,uxvojbgn8@example.com,,(950) 567 4227,,09,
604918,,,true,255901001,student,Peter Ivan Nash,{Local:918},Peter,Nash,Ivan,,ultnacia.vogjlgd@example.com,,(950) 434 7904,,09,
604927,,,true,255901001,student,Larry Mahoney,{Local:927},Larry,Mahoney,,,iyzfj76@example.com,,(950) 064 8122,,09,
604938,,,true,255901001,student,Roland Phillips,{Local:938},Roland,Phillips,,,iogw17@example.com,,(950) 678 8343,,09,
604940,,,true,255901001,student,Terrance Jorge Rivers,{Local:940},Terrance,Rivers,Jorge,,vmnleryi.brjlavkct@example.com,,(950) 905 2985,,09,
604956,,,true,255901001,student,Dana Rebecca Choi,{Local:956},Dana,Choi,Rebecca,,iynjfmu@example.com,,(950) 118 2665,,09,
604969,,,true,255901001,student,Stephen Caldwell,{Local:969},Stephen,Caldwell,,,jgmgp.cnljedcey@example.com,,(950) 321 0140,,09,
604974,,,true,255901001,student,Olivia Doris Hardy,{Local:974},Olivia,Hardy,Doris,,rlccvnlp.qufmu@example.com,,(950) 269 9777,,09,
605015,,,true,255901001,student,Micheal Turner,{Local:015},Micheal,Turner,,,orlu.azxgtbda@example.com,,(950) 017 9898,,09,
207270,,,true,255901001,teacher,Kelley Heidi Christian,,Kelley,Christian,Heidi,,,,,,,,
207268,,,true,255901001,teacher,Sara Stacy Preston,,Sara,Preston,Stacy,,SaraPreston@edfi.org,,,,,,