SourceSystemIdentifier,SourceSystem,SubmissionStatus,SubmissionDateTime,EarnedPoints,Grade,AssignmentSourceSystemIdentifier,LMSUserSourceSystemIdentifier,CreateDate,LastModifiedDate,SourceCreateDate,SourceLastModifiedDate
236789244,BestLMS,Graded,9/1/21 12:15,77,C,2942251001,100033951,8/30/21 12:34,8/30/21 12:34,,
236789245,BestLMS,Late,9/3/21 12:19,70,D-,2942251001,100033952,8/30/21 12:34,8/30/21 12:34,,
236789246,BestLMS,Graded,9/1/21 12:15,88,B+,2942251001,100033953,8/30/21 12:34,8/30/21 12:34,,
236789247,BestLMS,Missing,,0,F,2942251001,100033954,8/31/21 12:34,8/31/21 12:34,,
236789248,BestLMS,Graded,9/1/21 12:15,100,A+,2942251001,100033955,8/30/21 12:34,8/30/21 12:34,,
236789249,BestLMS,Graded,9/1/21 12:15,80,B-,2942251001,100033956,8/30/21 12:34,8/30/21 12:34,,
236789250,BestLMS,Late,9/4/21 12:15,50,F,2942251001,100033957,8/30/21 12:34,8/30/21 12:34,,
236789251,BestLMS,Graded,9/1/21 12:15,80,B-,2942251001,100033958,8/30/21 12:34,8/30/21 12:34,,
236789252,BestLMS,Graded,9/1/21 12:15,100,A+,2942251001,100033959,8/30/21 12:34,8/30/21 12:34,,
236789253,BestLMS,Graded,9/1/21 12:15,75,C,2942251001,100033960,8/30/21 12:34,8/30/21 12:34,,
236789254,BestLMS,Graded,9/1/21 12:15,80,B-,2942251001,100033961,8/30/21 12:34,8/30/21 12:34,,
236789255,BestLMS,Late,9/2/21 12:15,70,D-,2942251001,100033962,8/30/21 12:34,8/30/21 12:34,,
236789256,BestLMS,Graded,9/1/21 12:15,96,A,2942251001,100033963,8/30/21 12:34,8/30/21 12:34,,
236789257,BestLMS,Graded,9/1/21 12:15,100,A+,2942251001,100033964,8/30/21 12:34,8/30/21 12:34,,
236789258,BestLMS,Graded,9/1/21 12:15,80,B-,2942251001,100033965,8/30/21 12:34,8/30/21 12:34,,
236789259,BestLMS,Late,9/3/21 10:19,70,D-,2942251001,100033966,8/30/21 12:34,8/30/21 12:34,,
236789260,BestLMS,Late,9/1/21 12:15,70,D-,2942251001,100033967,8/30/21 12:34,8/30/21 12:34,,
236789261,BestLMS,Graded,9/1/21 12:15,85,B,2942251001,100033968,8/30/21 12:34,8/30/21 12:34,,
236789262,BestLMS,Graded,9/1/21 12:15,70,D-,2942251001,100033969,8/30/21 12:34,8/30/21 12:34,,
236789263,BestLMS,Graded,9/1/21 12:15,70,D-,2942251001,100033970,8/30/21 12:34,8/30/21 12:34,,
236789264,BestLMS,Late,9/3/21 23:27,65,F,2942251001,100033971,8/30/21 12:34,8/30/21 12:34,,
236789265,BestLMS,Graded,9/1/21 12:15,60,F,2942251001,100033972,8/30/21 12:34,8/30/21 12:34,,
236789266,BestLMS,Graded,9/1/21 12:15,100,A+,2942251001,100033973,8/30/21 12:34,8/30/21 12:34,,
236789267,BestLMS,Graded,9/1/21 12:15,90,A-,2942251001,100033974,8/30/21 12:34,8/30/21 12:34,,
236789268,BestLMS,Graded,9/1/21 12:15,85,B,2942251001,100033975,8/30/21 12:34,8/30/21 12:34,,
236789269,BestLMS,Graded,9/1/21 12:15,70,D-,2942251001,100033976,8/30/21 12:34,8/30/21 12:34,,
236789270,BestLMS,Missing,,0,F,2942251001,100033977,8/30/21 12:34,8/30/21 12:34,,
236789271,BestLMS,Graded,9/1/21 12:15,100,A+,2942251001,100033978,8/30/21 12:34,8/30/21 12:34,,
236789272,BestLMS,Graded,9/1/21 12:15,70,D-,2942251001,100033979,8/30/21 12:34,8/30/21 12:34,,
236789273,BestLMS,Graded,9/1/21 12:15,100,A+,2942251001,100033980,8/30/21 12:34,8/30/21 12:34,,
236789274,BestLMS,Graded,9/1/21 12:15,70,D-,2942251001,100033981,8/30/21 12:34,8/30/21 12:34,,
236789275,BestLMS,Graded,9/1/21 12:15,94,A,2942251001,100033982,8/30/21 12:34,8/30/21 12:34,,
236789276,BestLMS,Graded,9/1/21 12:15,89,B+,2942251001,100033983,8/30/21 12:34,8/30/21 12:34,,
236789277,BestLMS,Graded,9/1/21 12:15,70,D-,2942251001,100033984,8/30/21 12:34,8/30/21 12:34,,
236789278,BestLMS,Graded,9/1/21 12:15,65,F,2942251001,100033985,8/30/21 12:34,8/30/21 12:34,,
236789279,BestLMS,Graded,9/1/21 12:15,85,B,2942251001,100033986,8/30/21 12:34,8/30/21 12:34,,
236789280,BestLMS,Graded,9/1/21 12:15,80,B-,2942251001,100033987,8/30/21 12:34,8/30/21 12:34,,
236789281,BestLMS,Graded,9/1/21 12:15,100,A+,2942251001,100033988,8/30/21 12:34,8/30/21 12:34,,
236789282,BestLMS,Late,9/2/21 20:42,60,F,2942251001,100033989,8/30/21 12:34,8/30/21 12:34,,
236789283,BestLMS,Graded,9/1/21 12:15,80,B-,2942251001,100033990,8/30/21 12:34,8/30/21 12:34,,
236789284,BestLMS,Graded,9/1/21 12:15,95,A,2942251001,100033991,8/30/21 12:34,8/30/21 12:34,,
236789285,BestLMS,Late,9/2/21 23:18,70,D-,2942251001,100033992,8/30/21 12:34,8/30/21 12:34,,
236789286,BestLMS,Graded,9/1/21 12:15,100,A+,2942251001,100033993,8/30/21 12:34,8/30/21 12:34,,
236789287,BestLMS,Graded,9/1/21 12:15,80,B-,2942251001,100033994,8/30/21 12:34,8/30/21 12:34,,
236789288,BestLMS,Graded,9/1/21 12:15,100,A+,2942251001,100033995,8/30/21 12:34,8/30/21 12:34,,
236789289,BestLMS,Late,9/2/21 14:22,76,C-,2942251001,100033996,8/30/21 12:34,8/30/21 12:34,,
236789290,BestLMS,Graded,9/1/21 12:15,100,A+,2942251001,100033997,8/30/21 12:34,8/30/21 12:34,,
236789291,BestLMS,Graded,9/1/21 12:15,90,A-,2942251001,100033998,8/30/21 12:34,8/30/21 12:34,,
236789292,BestLMS,Graded,9/1/21 12:15,100,A+,2942251001,100033999,8/30/21 12:34,8/30/21 12:34,,
236789293,BestLMS,Late,9/7/21 11:10,60,F,2942251002,100033951,9/5/21 12:10,9/5/21 12:10,,
236789294,BestLMS,Graded,9/6/21 10:24,76,C-,2942251002,100033952,9/5/21 12:10,9/5/21 12:10,,
236789295,BestLMS,Graded,9/6/21 10:24,94,A,2942251002,100033953,9/5/21 12:10,9/5/21 12:10,,
236789296,BestLMS,Graded,9/6/21 10:24,100,A+,2942251002,100033954,9/5/21 12:10,9/5/21 12:10,,
236789297,BestLMS,Graded,9/6/21 10:24,100,A+,2942251002,100033955,9/5/21 12:10,9/5/21 12:10,,
236789298,BestLMS,Graded,9/6/21 10:24,100,A+,2942251002,100033956,9/5/21 12:10,9/5/21 12:10,,
236789299,BestLMS,Late,9/7/21 11:10,30,F,2942251002,100033957,9/5/21 12:10,9/5/21 12:10,,
236789300,BestLMS,Graded,9/6/21 10:24,76,C-,2942251002,100033958,9/5/21 12:10,9/5/21 12:10,,
236789301,BestLMS,Graded,9/6/21 10:24,85,B,2942251002,100033959,9/5/21 12:10,9/5/21 12:10,,
236789302,BestLMS,Graded,9/6/21 10:24,75,C-,2942251002,100033960,9/5/21 12:10,9/5/21 12:10,,
236789303,BestLMS,Graded,9/6/21 10:24,84,B,2942251002,100033961,9/5/21 12:10,9/5/21 12:10,,
236789304,BestLMS,Late,9/7/21 11:10,70,D-,2942251002,100033962,9/5/21 12:10,9/5/21 12:10,,
236789305,BestLMS,Graded,9/6/21 10:24,90,A-,2942251002,100033963,9/5/21 12:10,9/5/21 12:10,,
236789306,BestLMS,Graded,9/6/21 10:24,100,A+,2942251002,100033964,9/5/21 12:10,9/5/21 12:10,,
236789307,BestLMS,Graded,9/6/21 10:24,77,C ,2942251002,100033965,9/5/21 12:10,9/5/21 12:10,,
236789308,BestLMS,Graded,9/6/21 10:24,70,D-,2942251002,100033966,9/5/21 12:10,9/5/21 12:10,,
236789309,BestLMS,Graded,9/6/21 10:24,74,D+,2942251002,100033967,9/5/21 12:10,9/5/21 12:10,,
236789310,BestLMS,Graded,9/6/21 10:24,81,B-,2942251002,100033968,9/5/21 12:10,9/5/21 12:10,,
236789311,BestLMS,Late,9/7/21 11:10,54,F,2942251002,100033969,9/5/21 12:10,9/5/21 12:10,,
236789312,BestLMS,Graded,9/6/21 10:24,70,D-,2942251002,100033970,9/5/21 12:10,9/5/21 12:10,,
236789313,BestLMS,Graded,9/6/21 10:24,65,F,2942251002,100033971,9/5/21 12:10,9/5/21 12:10,,
236789314,BestLMS,Graded,9/6/21 10:24,60,F,2942251002,100033972,9/5/21 12:10,9/5/21 12:10,,
236789315,BestLMS,Graded,9/6/21 10:24,100,A+,2942251002,100033973,9/5/21 12:10,9/5/21 12:10,,
236789316,BestLMS,Graded,9/6/21 10:24,90,A-,2942251002,100033974,9/5/21 12:10,9/5/21 12:10,,
236789317,BestLMS,Graded,9/6/21 10:24,95,A,2942251002,100033975,9/5/21 12:10,9/5/21 12:10,,
236789318,BestLMS,Graded,9/6/21 10:24,68,F,2942251002,100033976,9/5/21 12:10,9/5/21 12:10,,
236789319,BestLMS,Graded,9/6/21 10:24,86,B,2942251002,100033977,9/5/21 12:10,9/5/21 12:10,,
236789320,BestLMS,Late,9/7/21 11:10,68,F,2942251002,100033978,9/5/21 12:10,9/5/21 12:10,,
236789321,BestLMS,Late,9/7/21 11:10,70,D-,2942251002,100033979,9/5/21 12:10,9/5/21 12:10,,
236789322,BestLMS,Graded,9/6/21 10:24,100,A+,2942251002,100033980,9/5/21 12:10,9/5/21 12:10,,
236789323,BestLMS,Graded,9/6/21 10:24,75,C-,2942251002,100033981,9/5/21 12:10,9/5/21 12:10,,
236789324,BestLMS,Graded,9/6/21 10:24,92,A-,2942251002,100033982,9/5/21 12:10,9/5/21 12:10,,
236789325,BestLMS,Graded,9/6/21 10:24,89,B+,2942251002,100033983,9/5/21 12:10,9/5/21 12:10,,
236789326,BestLMS,Late,9/7/21 11:10,70,D-,2942251002,100033984,9/5/21 12:10,9/5/21 12:10,,
236789327,BestLMS,Graded,9/6/21 10:24,75,C-,2942251002,100033985,9/5/21 12:10,9/5/21 12:10,,
236789328,BestLMS,Graded,9/6/21 10:24,73,D,2942251002,100033986,9/5/21 12:10,9/5/21 12:10,,
236789329,BestLMS,Graded,9/6/21 10:24,100,A+,2942251002,100033987,9/5/21 12:10,9/5/21 12:10,,
236789330,BestLMS,Graded,9/6/21 10:24,100,A+,2942251002,100033988,9/5/21 12:10,9/5/21 12:10,,
236789331,BestLMS,Late,9/7/21 11:10,62,F,2942251002,100033989,9/5/21 12:10,9/5/21 12:10,,
236789332,BestLMS,Graded,9/6/21 10:24,78,C,2942251002,100033990,9/5/21 12:10,9/5/21 12:10,,
236789333,BestLMS,Graded,9/6/21 10:24,91,A-,2942251002,100033991,9/5/21 12:10,9/5/21 12:10,,
236789334,BestLMS,Missing,,0,F,2942251002,100033992,9/5/21 12:10,9/5/21 12:10,,
236789335,BestLMS,Missing,,0,F,2942251002,100033993,9/5/21 12:10,9/5/21 12:10,,
236789336,BestLMS,Graded,9/6/21 10:24,66,F,2942251002,100033994,9/5/21 12:10,9/5/21 12:10,,
236789337,BestLMS,Graded,9/6/21 10:24,76,C-,2942251002,100033995,9/5/21 12:10,9/5/21 12:10,,
236789338,BestLMS,Graded,9/6/21 10:24,72,D,2942251002,100033996,9/5/21 12:10,9/5/21 12:10,,
236789339,BestLMS,Graded,9/6/21 10:24,70,D-,2942251002,100033997,9/5/21 12:10,9/5/21 12:10,,
236789340,BestLMS,Graded,9/6/21 10:24,82,B-,2942251002,100033998,9/5/21 12:10,9/5/21 12:10,,
236789341,BestLMS,Graded,9/1/21 12:15,100,A+,2942251002,100033999,9/5/21 12:10,9/5/21 12:10,,
236789344,BestLMS,Graded,9/17/21 20:00,58,F,2942251004,100033951,9/14/21 20:00,9/14/21 20:00,,
236789345,BestLMS,Graded,9/17/21 20:00,68,F,2942251004,100033952,9/14/21 20:00,9/14/21 20:00,,
236789346,BestLMS,Graded,9/17/21 20:00,82,B-,2942251004,100033953,9/14/21 20:00,9/14/21 20:00,,
236789347,BestLMS,Late,9/18/21 10:36,51,F,2942251004,100033954,9/14/21 20:00,9/14/21 20:00,,
236789348,BestLMS,Graded,9/17/21 20:00,100,A+,2942251004,100033955,9/14/21 20:00,9/14/21 20:00,,
236789349,BestLMS,Graded,9/17/21 20:00,95,A,2942251004,100033956,9/14/21 20:00,9/14/21 20:00,,
236789350,BestLMS,Missing,,0,F,2942251004,100033957,9/14/21 20:00,9/14/21 20:00,,
236789351,BestLMS,Graded,9/17/21 20:00,80,B-,2942251004,100033958,9/14/21 20:00,9/14/21 20:00,,
236789352,BestLMS,Graded,9/17/21 20:00,81,B-,2942251004,100033959,9/14/21 20:00,9/14/21 20:00,,
236789353,BestLMS,Graded,9/17/21 20:00,71,D-,2942251004,100033960,9/14/21 20:00,9/14/21 20:00,,
236789354,BestLMS,Graded,9/17/21 20:00,90,A-,2942251004,100033961,9/14/21 20:00,9/14/21 20:00,,
236789355,BestLMS,Late,9/18/21 10:36,58,F,2942251004,100033962,9/14/21 20:00,9/14/21 20:00,,
236789356,BestLMS,Graded,9/17/21 20:00,93,A-,2942251004,100033963,9/14/21 20:00,9/14/21 20:00,,
236789357,BestLMS,Graded,9/17/21 20:00,93,A-,2942251004,100033964,9/14/21 20:00,9/14/21 20:00,,
236789358,BestLMS,Graded,9/17/21 20:00,80,B-,2942251004,100033965,9/14/21 20:00,9/14/21 20:00,,
236789359,BestLMS,Late,9/18/21 10:36,69,F,2942251004,100033966,9/14/21 20:00,9/14/21 20:00,,
236789360,BestLMS,Graded,9/17/21 20:00,78,C ,2942251004,100033967,9/14/21 20:00,9/14/21 20:00,,
236789361,BestLMS,Graded,9/17/21 20:00,80,B-,2942251004,100033968,9/14/21 20:00,9/14/21 20:00,,
236789362,BestLMS,Graded,9/17/21 20:00,62,F,2942251004,100033969,9/14/21 20:00,9/14/21 20:00,,
236789363,BestLMS,Graded,9/17/21 20:00,100,A+,2942251004,100033970,9/14/21 20:00,9/14/21 20:00,,
236789364,BestLMS,Graded,9/17/21 20:00,70,D-,2942251004,100033971,9/14/21 20:00,9/14/21 20:00,,
236789365,BestLMS,Late,9/18/21 10:36,62,F,2942251004,100033972,9/14/21 20:00,9/14/21 20:00,,
236789366,BestLMS,Graded,9/17/21 20:00,96,A,2942251004,100033973,9/14/21 20:00,9/14/21 20:00,,
236789367,BestLMS,Graded,9/17/21 20:00,88,B+,2942251004,100033974,9/14/21 20:00,9/14/21 20:00,,
236789368,BestLMS,Graded,9/17/21 20:00,75,C-,2942251004,100033975,9/14/21 20:00,9/14/21 20:00,,
236789369,BestLMS,Graded,9/17/21 20:00,72,D,2942251004,100033976,9/14/21 20:00,9/14/21 20:00,,
236789370,BestLMS,Late,9/18/21 10:36,40,F,2942251004,100033977,9/14/21 20:00,9/14/21 20:00,,
236789371,BestLMS,Graded,9/17/21 20:00,88,B+,2942251004,100033978,9/14/21 20:00,9/14/21 20:00,,
236789372,BestLMS,Graded,9/17/21 20:00,68,F,2942251004,100033979,9/14/21 20:00,9/14/21 20:00,,
236789373,BestLMS,Graded,9/17/21 20:00,98,A+,2942251004,100033980,9/14/21 20:00,9/14/21 20:00,,
236789374,BestLMS,Late,9/18/21 10:36,65,F,2942251004,100033981,9/14/21 20:00,9/14/21 20:00,,
236789375,BestLMS,Graded,9/17/21 20:00,96,A,2942251004,100033982,9/14/21 20:00,9/14/21 20:00,,
236789376,BestLMS,Graded,9/17/21 20:00,85,B,2942251004,100033983,9/14/21 20:00,9/14/21 20:00,,
236789377,BestLMS,Graded,9/17/21 20:00,68,F,2942251004,100033984,9/14/21 20:00,9/14/21 20:00,,
236789378,BestLMS,Late,9/18/21 10:36,55,F,2942251004,100033985,9/14/21 20:00,9/14/21 20:00,,
236789379,BestLMS,Graded,9/17/21 20:00,80,B-,2942251004,100033986,9/14/21 20:00,9/14/21 20:00,,
236789380,BestLMS,Graded,9/17/21 20:00,74,D+,2942251004,100033987,9/14/21 20:00,9/14/21 20:00,,
236789381,BestLMS,Graded,9/17/21 20:00,100,A+,2942251004,100033988,9/14/21 20:00,9/14/21 20:00,,
236789382,BestLMS,Late,9/18/21 10:36,62,F,2942251004,100033989,9/14/21 20:00,9/14/21 20:00,,
236789383,BestLMS,Graded,9/17/21 20:00,77,C,2942251004,100033990,9/14/21 20:00,9/14/21 20:00,,
236789384,BestLMS,Graded,9/17/21 20:00,90,A-,2942251004,100033991,9/14/21 20:00,9/14/21 20:00,,
236789385,BestLMS,Late,9/18/21 10:36,66,F,2942251004,100033992,9/14/21 20:00,9/14/21 20:00,,
236789386,BestLMS,Graded,9/17/21 20:00,78,C,2942251004,100033993,9/14/21 20:00,9/14/21 20:00,,
236789387,BestLMS,Graded,9/17/21 20:00,75,C-,2942251004,100033994,9/14/21 20:00,9/14/21 20:00,,
236789388,BestLMS,Graded,9/17/21 20:00,90,A-,2942251004,100033995,9/14/21 20:00,9/14/21 20:00,,
236789389,BestLMS,Graded,9/17/21 20:00,74,D+,2942251004,100033996,9/14/21 20:00,9/14/21 20:00,,
236789390,BestLMS,Graded,9/17/21 20:00,80,B-,2942251004,100033997,9/14/21 20:00,9/14/21 20:00,,
236789391,BestLMS,Graded,9/17/21 20:00,88,B+,2942251004,100033998,9/14/21 20:00,9/14/21 20:00,,
236789392,BestLMS,Graded,9/17/21 20:00,97,A,2942251004,100033999,9/14/21 20:00,9/14/21 20:00,,
236789394,BestLMS,Graded,9/23/21 12:25,75,C-,2942251006,100033951,9/21/21 12:25,9/21/21 12:25,,
236789395,BestLMS,Graded,9/23/21 23:18,60,F,2942251006,100033952,9/21/21 12:25,9/21/21 12:25,,
236789396,BestLMS,Graded,9/23/21 23:18,90,A-,2942251006,100033953,9/21/21 12:25,9/21/21 12:25,,
236789397,BestLMS,Missing,,0,F,2942251006,100033954,9/21/21 12:25,9/21/21 12:25,,
236789398,BestLMS,Graded,9/23/21 23:18,100,A+,2942251006,100033955,9/21/21 12:25,9/21/21 12:25,,
236789399,BestLMS,Graded,9/23/21 23:18,85,B,2942251006,100033956,9/21/21 12:25,9/21/21 12:25,,
236789400,BestLMS,Missing,,0,F,2942251006,100033957,9/21/21 12:25,9/21/21 12:25,,
236789401,BestLMS,Graded,9/23/21 23:18,72,D,2942251006,100033958,9/21/21 12:25,9/21/21 12:25,,
236789402,BestLMS,Graded,9/23/21 23:18,66,F,2942251006,100033959,9/21/21 12:25,9/21/21 12:25,,
236789403,BestLMS,Graded,9/23/21 23:18,73,D,2942251006,100033960,9/21/21 12:25,9/21/21 12:25,,
236789404,BestLMS,Graded,9/23/21 23:18,76,C,2942251006,100033961,9/21/21 12:25,9/21/21 12:25,,
236789405,BestLMS,Late,9/25/21 12:25,64,F,2942251006,100033962,9/21/21 12:25,9/21/21 12:25,,
236789406,BestLMS,Graded,9/23/21 23:18,90,A-,2942251006,100033963,9/21/21 12:25,9/21/21 12:25,,
236789407,BestLMS,Graded,9/23/21 23:18,86,B,2942251006,100033964,9/21/21 12:25,9/21/21 12:25,,
236789408,BestLMS,Graded,9/23/21 23:18,74,D+,2942251006,100033965,9/21/21 12:25,9/21/21 12:25,,
236789409,BestLMS,Graded,9/23/21 23:18,68,F,2942251006,100033966,9/21/21 12:25,9/21/21 12:25,,
236789410,BestLMS,Graded,9/23/21 23:18,76,C-,2942251006,100033967,9/21/21 12:25,9/21/21 12:25,,
236789411,BestLMS,Graded,9/23/21 23:18,86,B,2942251006,100033968,9/21/21 12:25,9/21/21 12:25,,
236789412,BestLMS,Graded,9/23/21 23:18,70,D-,2942251006,100033969,9/21/21 12:25,9/21/21 12:25,,
236789413,BestLMS,Late,9/25/21 12:25,40,F,2942251006,100033970,9/21/21 12:25,9/21/21 12:25,,
236789414,BestLMS,Graded,9/23/21 23:18,75,C-,2942251006,100033971,9/21/21 12:25,9/21/21 12:25,,
236789415,BestLMS,Graded,9/23/21 23:18,61,F,2942251006,100033972,9/21/21 12:25,9/21/21 12:25,,
236789416,BestLMS,Graded,9/23/21 23:18,98,A+,2942251006,100033973,9/21/21 12:25,9/21/21 12:25,,
236789417,BestLMS,Graded,9/23/21 23:18,89,B+,2942251006,100033974,9/21/21 12:25,9/21/21 12:25,,
236789418,BestLMS,Graded,9/23/21 23:18,80,B-,2942251006,100033975,9/21/21 12:25,9/21/21 12:25,,
236789419,BestLMS,Graded,9/23/21 23:18,66,F,2942251006,100033976,9/21/21 12:25,9/21/21 12:25,,
236789420,BestLMS,Late,9/25/21 12:25,46,F,2942251006,100033977,9/21/21 12:25,9/21/21 12:25,,
236789421,BestLMS,Graded,9/23/21 23:18,80,B-,2942251006,100033978,9/21/21 12:25,9/21/21 12:25,,
236789422,BestLMS,Late,9/25/21 12:25,68,F,2942251006,100033979,9/21/21 12:25,9/21/21 12:25,,
236789423,BestLMS,Graded,9/23/21 23:18,98,A+,2942251006,100033980,9/21/21 12:25,9/21/21 12:25,,
236789424,BestLMS,Graded,9/23/21 23:18,90,A-,2942251006,100033981,9/21/21 12:25,9/21/21 12:25,,
236789425,BestLMS,Graded,9/23/21 23:18,96,A,2942251006,100033982,9/21/21 12:25,9/21/21 12:25,,
236789426,BestLMS,Graded,9/23/21 23:18,85,B,2942251006,100033983,9/21/21 12:25,9/21/21 12:25,,
236789427,BestLMS,Late,9/25/21 12:25,68,F,2942251006,100033984,9/21/21 12:25,9/21/21 12:25,,
236789428,BestLMS,Graded,9/23/21 23:18,80,B-,2942251006,100033985,9/21/21 12:25,9/21/21 12:25,,
236789429,BestLMS,Graded,9/23/21 23:18,78,C,2942251006,100033986,9/21/21 12:25,9/21/21 12:25,,
236789430,BestLMS,Graded,9/23/21 23:18,80,B-,2942251006,100033987,9/21/21 12:25,9/21/21 12:25,,
236789431,BestLMS,Graded,9/23/21 23:18,100,A+,2942251006,100033988,9/21/21 12:25,9/21/21 12:25,,
236789432,BestLMS,Late,9/25/21 12:25,60,F,2942251006,100033989,9/21/21 12:25,9/21/21 12:25,,
236789433,BestLMS,Graded,9/23/21 23:18,81,B-,2942251006,100033990,9/21/21 12:25,9/21/21 12:25,,
236789434,BestLMS,Graded,9/23/21 23:18,96,A,2942251006,100033991,9/21/21 12:25,9/21/21 12:25,,
236789435,BestLMS,Graded,9/23/21 23:18,100,A+,2942251006,100033992,9/21/21 12:25,9/21/21 12:25,,
236789436,BestLMS,Graded,9/23/21 23:18,72,D,2942251006,100033993,9/21/21 12:25,9/21/21 12:25,,
236789437,BestLMS,Graded,9/23/21 23:18,71,D-,2942251006,100033994,9/21/21 12:25,9/21/21 12:25,,
236789438,BestLMS,Graded,9/23/21 23:18,86,B,2942251006,100033995,9/21/21 12:25,9/21/21 12:25,,
236789439,BestLMS,Graded,9/23/21 23:18,80,B-,2942251006,100033996,9/21/21 12:25,9/21/21 12:25,,
236789440,BestLMS,Graded,9/23/21 23:18,82,B-,2942251006,100033997,9/21/21 12:25,9/21/21 12:25,,
236789441,BestLMS,Graded,9/23/21 23:18,84,B,2942251006,100033998,9/21/21 12:25,9/21/21 12:25,,
236789442,BestLMS,Graded,9/23/21 23:18,94,A,2942251006,100033999,9/21/21 12:25,9/21/21 12:25,,
236789443,BestLMS,Late,10/2/21 22:49,55,F,2942251008,100033951,9/28/21 22:49,9/28/21 22:49,,
236789444,BestLMS,Graded,10/1/21 22:49,66,F,2942251008,100033952,9/28/21 22:49,9/28/21 22:49,,
236789445,BestLMS,Graded,10/1/21 22:49,86,B,2942251008,100033953,9/28/21 22:49,9/28/21 22:49,,
236789446,BestLMS,Missing,,0,F,2942251008,100033954,9/28/21 22:49,9/28/21 22:49,,
236789447,BestLMS,Graded,10/1/21 22:49,100,A+,2942251008,100033955,9/28/21 22:49,9/28/21 22:49,,
236789448,BestLMS,Graded,10/1/21 22:49,90,A-,2942251008,100033956,9/28/21 22:49,9/28/21 22:49,,
236789449,BestLMS,Late,10/2/21 22:49,50,F,2942251008,100033957,9/28/21 22:49,9/28/21 22:49,,
236789450,BestLMS,Graded,10/1/21 22:49,72,D,2942251008,100033958,9/28/21 22:49,9/28/21 22:49,,
236789451,BestLMS,Graded,10/1/21 22:49,83,B,2942251008,100033959,9/28/21 22:49,9/28/21 22:49,,
236789452,BestLMS,Graded,10/1/21 22:49,71,D-,2942251008,100033960,9/28/21 22:49,9/28/21 22:49,,
236789453,BestLMS,Graded,10/1/21 22:49,82,B-,2942251008,100033961,9/28/21 22:49,9/28/21 22:49,,
236789454,BestLMS,Late,10/2/21 22:49,58,F,2942251008,100033962,9/28/21 22:49,9/28/21 22:49,,
236789455,BestLMS,Graded,10/1/21 22:49,96,A,2942251008,100033963,9/28/21 22:49,9/28/21 22:49,,
236789456,BestLMS,Graded,10/1/21 22:49,86,B,2942251008,100033964,9/28/21 22:49,9/28/21 22:49,,
236789457,BestLMS,Graded,10/1/21 22:49,74,D+,2942251008,100033965,9/28/21 22:49,9/28/21 22:49,,
236789458,BestLMS,Graded,10/1/21 22:49,68,F,2942251008,100033966,9/28/21 22:49,9/28/21 22:49,,
236789459,BestLMS,Graded,10/1/21 22:49,72,D,2942251008,100033967,9/28/21 22:49,9/28/21 22:49,,
236789460,BestLMS,Graded,10/1/21 22:49,83,B-,2942251008,100033968,9/28/21 22:49,9/28/21 22:49,,
236789461,BestLMS,Late,10/3/21 22:49,54,F,2942251008,100033969,9/28/21 22:49,9/28/21 22:49,,
236789462,BestLMS,Graded,10/1/21 22:49,70,D-,2942251008,100033970,9/28/21 22:49,9/28/21 22:49,,
236789463,BestLMS,Graded,10/1/21 22:49,75,C-,2942251008,100033971,9/28/21 22:49,9/28/21 22:49,,
236789464,BestLMS,Graded,10/1/21 22:49,62,F,2942251008,100033972,9/28/21 22:49,9/28/21 22:49,,
236789465,BestLMS,Graded,10/1/21 22:49,96,A,2942251008,100033973,9/28/21 22:49,9/28/21 22:49,,
236789466,BestLMS,Graded,10/1/21 22:49,88,B+,2942251008,100033974,9/28/21 22:49,9/28/21 22:49,,
236789467,BestLMS,Graded,10/1/21 22:49,90,A-,2942251008,100033975,9/28/21 22:49,9/28/21 22:49,,
236789468,BestLMS,Graded,10/1/21 22:49,69,F,2942251008,100033976,9/28/21 22:49,9/28/21 22:49,,
236789469,BestLMS,Missing,,0,F,2942251008,100033977,9/28/21 22:49,9/28/21 22:49,,
236789470,BestLMS,Graded,10/1/21 22:49,84,B,2942251008,100033978,9/28/21 22:49,9/28/21 22:49,,
236789471,BestLMS,Graded,10/1/21 22:49,69,F,2942251008,100033979,9/28/21 22:49,9/28/21 22:49,,
236789472,BestLMS,Graded,10/1/21 22:49,99,A+,2942251008,100033980,9/28/21 22:49,9/28/21 22:49,,
236789473,BestLMS,Missing,,0,F,2942251008,100033981,9/28/21 22:49,9/28/21 22:49,,
236789474,BestLMS,Graded,10/1/21 22:49,92,A-,2942251008,100033982,9/28/21 22:49,9/28/21 22:49,,
236789475,BestLMS,Graded,10/1/21 22:49,87,B+,2942251008,100033983,9/28/21 22:49,9/28/21 22:49,,
236789476,BestLMS,Graded,10/1/21 22:49,69,F,2942251008,100033984,9/28/21 22:49,9/28/21 22:49,,
236789477,BestLMS,Missing,,0,F,2942251008,100033985,9/28/21 22:49,9/28/21 22:49,,
236789478,BestLMS,Graded,10/1/21 22:49,79,C+,2942251008,100033986,9/28/21 22:49,9/28/21 22:49,,
236789479,BestLMS,Graded,10/1/21 22:49,77,C,2942251008,100033987,9/28/21 22:49,9/28/21 22:49,,
236789480,BestLMS,Graded,10/1/21 22:49,100,A+,2942251008,100033988,9/28/21 22:49,9/28/21 22:49,,
236789481,BestLMS,Late,10/2/21 22:49,61,F,2942251008,100033989,9/28/21 22:49,9/28/21 22:49,,
236789482,BestLMS,Graded,10/1/21 22:49,79,C+,2942251008,100033990,9/28/21 22:49,9/28/21 22:49,,
236789483,BestLMS,Graded,10/1/21 22:49,93,A-,2942251008,100033991,9/28/21 22:49,9/28/21 22:49,,
236789484,BestLMS,Graded,10/1/21 22:49,100,A+,2942251008,100033992,9/28/21 22:49,9/28/21 22:49,,
236789485,BestLMS,Graded,10/1/21 22:49,62,F,2942251008,100033993,9/28/21 22:49,9/28/21 22:49,,
236789486,BestLMS,Graded,10/1/21 22:49,73,D,2942251008,100033994,9/28/21 22:49,9/28/21 22:49,,
236789487,BestLMS,Graded,10/1/21 22:49,88,B+,2942251008,100033995,9/28/21 22:49,9/28/21 22:49,,
236789488,BestLMS,Graded,10/1/21 22:49,68,F,2942251008,100033996,9/28/21 22:49,9/28/21 22:49,,
236789489,BestLMS,Graded,10/1/21 22:49,80,B-,2942251008,100033997,9/28/21 22:49,9/28/21 22:49,,
236789490,BestLMS,Graded,10/1/21 22:49,86,B,2942251008,100033998,9/28/21 22:49,9/28/21 22:49,,
236789491,BestLMS,Graded,10/1/21 22:49,94,A,2942251008,100033999,9/28/21 22:49,9/28/21 22:49,,
236789493,BestLMS,Late,10/9/21 8:14,50,F,2942251010,100033951,10/6/21 8:14,10/6/21 8:14,,
236789494,BestLMS,Graded,10/8/21 8:14,68,F,2942251010,100033952,10/6/21 8:14,10/6/21 8:14,,
236789495,BestLMS,Graded,10/8/21 8:14,88,B+,2942251010,100033953,10/6/21 8:14,10/6/21 8:14,,
236789496,BestLMS,Graded,10/8/21 8:14,49,F,2942251010,100033954,10/6/21 8:14,10/6/21 8:14,,
236789497,BestLMS,Graded,10/8/21 8:14,100,A+,2942251010,100033955,10/6/21 8:14,10/6/21 8:14,,
236789498,BestLMS,Graded,10/8/21 8:14,90,A-,2942251010,100033956,10/6/21 8:14,10/6/21 8:14,,
236789499,BestLMS,Missing,,0,F,2942251010,100033957,10/6/21 8:14,10/6/21 8:14,,
236789500,BestLMS,Graded,10/8/21 8:14,76,C-,2942251010,100033958,10/6/21 8:14,10/6/21 8:14,,
236789501,BestLMS,Graded,10/8/21 8:14,83,B-,2942251010,100033959,10/6/21 8:14,10/6/21 8:14,,
236789502,BestLMS,Graded,10/8/21 8:14,73,D,2942251010,100033960,10/6/21 8:14,10/6/21 8:14,,
236789503,BestLMS,Graded,10/8/21 8:14,82,B-,2942251010,100033961,10/6/21 8:14,10/6/21 8:14,,
236789504,BestLMS,Late,10/9/21 8:14,64,F,2942251010,100033962,10/6/21 8:14,10/6/21 8:14,,
236789505,BestLMS,Graded,10/8/21 8:14,93,A-,2942251010,100033963,10/6/21 8:14,10/6/21 8:14,,
236789506,BestLMS,Graded,10/8/21 8:14,93,A-,2942251010,100033964,10/6/21 8:14,10/6/21 8:14,,
236789507,BestLMS,Graded,10/8/21 8:14,77,C,2942251010,100033965,10/6/21 8:14,10/6/21 8:14,,
236789508,BestLMS,Late,10/9/21 8:14,69,F,2942251010,100033966,10/6/21 8:14,10/6/21 8:14,,
236789509,BestLMS,Graded,10/8/21 8:14,74,C-,2942251010,100033967,10/6/21 8:14,10/6/21 8:14,,
236789510,BestLMS,Graded,10/8/21 8:14,83,B-,2942251010,100033968,10/6/21 8:14,10/6/21 8:14,,
236789511,BestLMS,Graded,10/8/21 8:14,62,F,2942251010,100033969,10/6/21 8:14,10/6/21 8:14,,
236789512,BestLMS,Late,10/9/21 8:14,70,D-,2942251010,100033970,10/6/21 8:14,10/6/21 8:14,,
236789513,BestLMS,Late,10/9/21 8:14,70,D-,2942251010,100033971,10/6/21 8:14,10/6/21 8:14,,
236789514,BestLMS,Graded,10/8/21 8:14,61,F,2942251010,100033972,10/6/21 8:14,10/6/21 8:14,,
236789515,BestLMS,Graded,10/8/21 8:14,98,A+,2942251010,100033973,10/6/21 8:14,10/6/21 8:14,,
236789516,BestLMS,Graded,10/8/21 8:14,89,B+,2942251010,100033974,10/6/21 8:14,10/6/21 8:14,,
236789517,BestLMS,Graded,10/8/21 8:14,85,B,2942251010,100033975,10/6/21 8:14,10/6/21 8:14,,
236789518,BestLMS,Graded,10/8/21 8:14,69,F,2942251010,100033976,10/6/21 8:14,10/6/21 8:14,,
236789519,BestLMS,Missing,,0,F,2942251010,100033977,10/6/21 8:14,10/6/21 8:14,,
236789520,BestLMS,Graded,10/8/21 8:14,84,B,2942251010,100033978,10/6/21 8:14,10/6/21 8:14,,
236789521,BestLMS,Graded,10/8/21 8:14,69,F,2942251010,100033979,10/6/21 8:14,10/6/21 8:14,,
236789522,BestLMS,Graded,10/8/21 8:14,99,A+,2942251010,100033980,10/6/21 8:14,10/6/21 8:14,,
236789523,BestLMS,Late,10/8/21 8:14,70,D-,2942251010,100033981,10/6/21 8:14,10/6/21 8:14,,
236789524,BestLMS,Graded,10/8/21 8:14,94,A,2942251010,100033982,10/6/21 8:14,10/6/21 8:14,,
236789525,BestLMS,Graded,10/8/21 8:14,87,B+,2942251010,100033983,10/6/21 8:14,10/6/21 8:14,,
236789526,BestLMS,Late,10/9/21 8:14,69,F,2942251010,100033984,10/6/21 8:14,10/6/21 8:14,,
236789527,BestLMS,Late,10/9/21 8:14,65,F,2942251010,100033985,10/6/21 8:14,10/6/21 8:14,,
236789528,BestLMS,Graded,10/8/21 8:14,79,C+,2942251010,100033986,10/6/21 8:14,10/6/21 8:14,,
236789529,BestLMS,Graded,10/8/21 8:14,77,C,2942251010,100033987,10/6/21 8:14,10/6/21 8:14,,
236789530,BestLMS,Graded,10/8/21 8:14,100,A+,2942251010,100033988,10/6/21 8:14,10/6/21 8:14,,
236789531,BestLMS,Late,10/9/21 8:14,61,F,2942251010,100033989,10/6/21 8:14,10/6/21 8:14,,
236789532,BestLMS,Graded,10/8/21 8:14,79,C+,2942251010,100033990,10/6/21 8:14,10/6/21 8:14,,
236789533,BestLMS,Graded,10/8/21 8:14,93,A-,2942251010,100033991,10/6/21 8:14,10/6/21 8:14,,
236789534,BestLMS,Graded,10/8/21 8:14,70,D-,2942251010,100033992,10/6/21 8:14,10/6/21 8:14,,
236789535,BestLMS,Graded,10/8/21 8:14,62,F,2942251010,100033993,10/6/21 8:14,10/6/21 8:14,,
236789536,BestLMS,Graded,10/8/21 8:14,73,D,2942251010,100033994,10/6/21 8:14,10/6/21 8:14,,
236789537,BestLMS,Graded,10/8/21 8:14,88,B+,2942251010,100033995,10/6/21 8:14,10/6/21 8:14,,
236789538,BestLMS,Graded,10/8/21 8:14,74,D+,2942251010,100033996,10/6/21 8:14,10/6/21 8:14,,
236789539,BestLMS,Graded,10/8/21 8:14,82,B-,2942251010,100033997,10/6/21 8:14,10/6/21 8:14,,
236789540,BestLMS,Graded,10/8/21 8:14,86,B,2942251010,100033998,10/6/21 8:14,10/6/21 8:14,,
236789541,BestLMS,Graded,10/8/21 8:14,97,A+,2942251010,100033999,10/6/21 8:14,10/6/21 8:14,,
236789543,BestLMS,Late,10/16/21 23:59,63,F,2942252012,100033951,10/14/21 23:59,10/14/21 23:59,,
236789544,BestLMS,Late,10/16/21 23:59,66,F,2942252012,100033952,10/14/21 23:59,10/14/21 23:59,,
236789545,BestLMS,Graded,10/15/21 23:59,94,A,2942252012,100033953,10/14/21 23:59,10/14/21 23:59,,
236789546,BestLMS,Graded,10/15/21 23:59,100,A+,2942252012,100033954,10/14/21 23:59,10/14/21 23:59,,
236789547,BestLMS,Graded,10/15/21 23:59,100,A+,2942252012,100033955,10/14/21 23:59,10/14/21 23:59,,
236789548,BestLMS,Graded,10/15/21 23:59,100,A+,2942252012,100033956,10/14/21 23:59,10/14/21 23:59,,
236789549,BestLMS,Missing,,0,F,2942252012,100033957,10/14/21 23:59,10/14/21 23:59,,
236789550,BestLMS,Graded,10/15/21 23:59,80,B-,2942252012,100033958,10/14/21 23:59,10/14/21 23:59,,
236789551,BestLMS,Graded,10/15/21 23:59,100,A+,2942252012,100033959,10/14/21 23:59,10/14/21 23:59,,
236789552,BestLMS,Graded,10/15/21 23:59,80,B-,2942252012,100033960,10/14/21 23:59,10/14/21 23:59,,
236789553,BestLMS,Graded,10/15/21 23:59,100,A+,2942252012,100033961,10/14/21 23:59,10/14/21 23:59,,
236789554,BestLMS,Missing,,0,F,2942252012,100033962,10/14/21 23:59,10/14/21 23:59,,
236789555,BestLMS,Graded,10/15/21 23:59,95,A,2942252012,100033963,10/14/21 23:59,10/14/21 23:59,,
236789556,BestLMS,Graded,10/15/21 23:59,86,B,2942252012,100033964,10/14/21 23:59,10/14/21 23:59,,
236789557,BestLMS,Graded,10/15/21 23:59,75,C-,2942252012,100033965,10/14/21 23:59,10/14/21 23:59,,
236789558,BestLMS,Graded,10/15/21 23:59,75,C-,2942252012,100033966,10/14/21 23:59,10/14/21 23:59,,
236789559,BestLMS,Graded,10/15/21 23:59,88,B+,2942252012,100033967,10/14/21 23:59,10/14/21 23:59,,
236789560,BestLMS,Graded,10/15/21 23:59,90,A-,2942252012,100033968,10/14/21 23:59,10/14/21 23:59,,
236789561,BestLMS,Late,10/16/21 23:59,60,F,2942252012,100033969,10/14/21 23:59,10/14/21 23:59,,
236789562,BestLMS,Graded,10/15/21 23:59,75,C-,2942252012,100033970,10/14/21 23:59,10/14/21 23:59,,
236789563,BestLMS,Graded,10/15/21 23:59,82,B-,2942252012,100033971,10/14/21 23:59,10/14/21 23:59,,
236789564,BestLMS,Graded,10/15/21 23:59,70,D-,2942252012,100033972,10/14/21 23:59,10/14/21 23:59,,
236789565,BestLMS,Graded,10/15/21 23:59,98,A+,2942252012,100033973,10/14/21 23:59,10/14/21 23:59,,
236789566,BestLMS,Graded,10/15/21 23:59,89,B+,2942252012,100033974,10/14/21 23:59,10/14/21 23:59,,
236789567,BestLMS,Graded,10/15/21 23:59,90,A-,2942252012,100033975,10/14/21 23:59,10/14/21 23:59,,
236789568,BestLMS,Graded,10/15/21 23:59,69,F,2942252012,100033976,10/14/21 23:59,10/14/21 23:59,,
236789569,BestLMS,Graded,10/15/21 23:59,86,B,2942252012,100033977,10/14/21 23:59,10/14/21 23:59,,
236789570,BestLMS,Graded,10/15/21 23:59,80,B-,2942252012,100033978,10/14/21 23:59,10/14/21 23:59,,
236789571,BestLMS,Missing,,0,F,2942252012,100033979,10/14/21 23:59,10/14/21 23:59,,
236789572,BestLMS,Graded,10/15/21 23:59,99,A+,2942252012,100033980,10/14/21 23:59,10/14/21 23:59,,
236789573,BestLMS,Graded,10/15/21 23:59,75,C-,2942252012,100033981,10/14/21 23:59,10/14/21 23:59,,
236789574,BestLMS,Graded,10/15/21 23:59,100,A+,2942252012,100033982,10/14/21 23:59,10/14/21 23:59,,
236789575,BestLMS,Graded,10/15/21 23:59,89,B+,2942252012,100033983,10/14/21 23:59,10/14/21 23:59,,
236789576,BestLMS,Graded,10/15/21 23:59,75,C-,2942252012,100033984,10/14/21 23:59,10/14/21 23:59,,
236789577,BestLMS,Late,10/16/21 23:59,65,F,2942252012,100033985,10/14/21 23:59,10/14/21 23:59,,
236789578,BestLMS,Graded,10/15/21 23:59,78,C,2942252012,100033986,10/14/21 23:59,10/14/21 23:59,,
236789579,BestLMS,Graded,10/15/21 23:59,79,C+,2942252012,100033987,10/14/21 23:59,10/14/21 23:59,,
236789580,BestLMS,Graded,10/15/21 23:59,100,A+,2942252012,100033988,10/14/21 23:59,10/14/21 23:59,,
236789581,BestLMS,Missing,,0,F,2942252012,100033989,10/14/21 23:59,10/14/21 23:59,,
236789582,BestLMS,Graded,10/15/21 23:59,81,B-,2942252012,100033990,10/14/21 23:59,10/14/21 23:59,,
236789583,BestLMS,Graded,10/15/21 23:59,97,A+,2942252012,100033991,10/14/21 23:59,10/14/21 23:59,,
236789584,BestLMS,Late,10/16/21 23:59,68,F,2942252012,100033992,10/14/21 23:59,10/14/21 23:59,,
236789585,BestLMS,Late,10/16/21 23:59,68,F,2942252012,100033993,10/14/21 23:59,10/14/21 23:59,,
236789586,BestLMS,Graded,10/15/21 23:59,100,A+,2942252012,100033994,10/14/21 23:59,10/14/21 23:59,,
236789587,BestLMS,Graded,10/15/21 23:59,92,A-,2942252012,100033995,10/14/21 23:59,10/14/21 23:59,,
236789588,BestLMS,Graded,10/15/21 23:59,80,B-,2942252012,100033996,10/14/21 23:59,10/14/21 23:59,,
236789589,BestLMS,Graded,10/15/21 23:59,90,A-,2942252012,100033997,10/14/21 23:59,10/14/21 23:59,,
236789590,BestLMS,Graded,10/15/21 23:59,84,B,2942252012,100033998,10/14/21 23:59,10/14/21 23:59,,
236789591,BestLMS,Graded,10/15/21 23:59,95,A,2942252012,100033999,10/14/21 23:59,10/14/21 23:59,,
236789593,BestLMS,Late,10/21/21 22:12,60,F,2942252013,100033951,10/19/21 22:12,10/19/21 22:12,,
236789594,BestLMS,Late,10/21/21 22:12,60,F,2942252013,100033952,10/19/21 22:12,10/19/21 22:12,,
236789595,BestLMS,Graded,10/20/21 15:39,82,B-,2942252013,100033953,10/19/21 22:12,10/19/21 22:12,,
236789596,BestLMS,Graded,10/20/21 15:39,100,A+,2942252013,100033954,10/19/21 22:12,10/19/21 22:12,,
236789597,BestLMS,Graded,10/20/21 15:39,100,A+,2942252013,100033955,10/19/21 22:12,10/19/21 22:12,,
236789598,BestLMS,Graded,10/20/21 15:39,100,A+,2942252013,100033956,10/19/21 22:12,10/19/21 22:12,,
236789599,BestLMS,Missing,,0,F,2942252013,100033957,10/19/21 22:12,10/19/21 22:12,,
236789600,BestLMS,Graded,10/20/21 15:39,80,B-,2942252013,100033958,10/19/21 22:12,10/19/21 22:12,,
236789601,BestLMS,Graded,10/20/21 15:39,100,A+,2942252013,100033959,10/19/21 22:12,10/19/21 22:12,,
236789602,BestLMS,Late,10/21/21 22:12,66,F,2942252013,100033960,10/19/21 22:12,10/19/21 22:12,,
236789603,BestLMS,Late,10/21/21 22:12,64,F,2942252013,100033961,10/19/21 22:12,10/19/21 22:12,,
236789604,BestLMS,Graded,10/20/21 15:39,70,D-,2942252013,100033962,10/19/21 22:12,10/19/21 22:12,,
236789605,BestLMS,Graded,10/20/21 15:39,91,A-,2942252013,100033963,10/19/21 22:12,10/19/21 22:12,,
236789606,BestLMS,Graded,10/20/21 15:39,100,A+,2942252013,100033964,10/19/21 22:12,10/19/21 22:12,,
236789607,BestLMS,Graded,10/20/21 15:39,79,C+,2942252013,100033965,10/19/21 22:12,10/19/21 22:12,,
236789608,BestLMS,Late,10/21/21 22:12,63,F,2942252013,100033966,10/19/21 22:12,10/19/21 22:12,,
236789609,BestLMS,Graded,10/20/21 15:39,80,B-,2942252013,100033967,10/19/21 22:12,10/19/21 22:12,,
236789610,BestLMS,Graded,10/20/21 15:39,76,C-,2942252013,100033968,10/19/21 22:12,10/19/21 22:12,,
236789611,BestLMS,Late,10/21/21 22:12,62,F,2942252013,100033969,10/19/21 22:12,10/19/21 22:12,,
236789612,BestLMS,Graded,10/20/21 15:39,85,B,2942252013,100033970,10/19/21 22:12,10/19/21 22:12,,
236789613,BestLMS,Graded,10/20/21 15:39,58,F,2942252013,100033971,10/19/21 22:12,10/19/21 22:12,,
236789614,BestLMS,Late,10/21/21 22:12,52,F,2942252013,100033972,10/19/21 22:12,10/19/21 22:12,,
236789615,BestLMS,Graded,10/20/21 15:39,98,A+,2942252013,100033973,10/19/21 22:12,10/19/21 22:12,,
236789616,BestLMS,Graded,10/20/21 15:39,88,B+,2942252013,100033974,10/19/21 22:12,10/19/21 22:12,,
236789617,BestLMS,Graded,10/20/21 15:39,90,A-,2942252013,100033975,10/19/21 22:12,10/19/21 22:12,,
236789618,BestLMS,Graded,10/20/21 15:39,70,D-,2942252013,100033976,10/19/21 22:12,10/19/21 22:12,,
236789619,BestLMS,Graded,10/20/21 15:39,86,B,2942252013,100033977,10/19/21 22:12,10/19/21 22:12,,
236789620,BestLMS,Graded,10/20/21 15:39,88,B+,2942252013,100033978,10/19/21 22:12,10/19/21 22:12,,
236789621,BestLMS,Graded,10/20/21 15:39,79,C+,2942252013,100033979,10/19/21 22:12,10/19/21 22:12,,
236789622,BestLMS,Graded,10/20/21 15:39,99,A+,2942252013,100033980,10/19/21 22:12,10/19/21 22:12,,
236789623,BestLMS,Graded,10/20/21 15:39,75,C-,2942252013,100033981,10/19/21 22:12,10/19/21 22:12,,
236789624,BestLMS,Graded,10/20/21 15:39,88,B+,2942252013,100033982,10/19/21 22:12,10/19/21 22:12,,
236789625,BestLMS,Graded,10/20/21 15:39,85,B,2942252013,100033983,10/19/21 22:12,10/19/21 22:12,,
236789626,BestLMS,Late,10/21/21 22:12,63,F,2942252013,100033984,10/19/21 22:12,10/19/21 22:12,,
236789627,BestLMS,Late,10/21/21 22:12,67,F,2942252013,100033985,10/19/21 22:12,10/19/21 22:12,,
236789628,BestLMS,Graded,10/20/21 15:39,80,B-,2942252013,100033986,10/19/21 22:12,10/19/21 22:12,,
236789629,BestLMS,Graded,10/20/21 15:39,75,C-,2942252013,100033987,10/19/21 22:12,10/19/21 22:12,,
236789630,BestLMS,Graded,10/20/21 15:39,100,A+,2942252013,100033988,10/19/21 22:12,10/19/21 22:12,,
236789631,BestLMS,Late,10/21/21 22:12,67,F,2942252013,100033989,10/19/21 22:12,10/19/21 22:12,,
236789632,BestLMS,Graded,10/20/21 15:39,77,C,2942252013,100033990,10/19/21 22:12,10/19/21 22:12,,
236789633,BestLMS,Graded,10/20/21 15:39,89,B+,2942252013,100033991,10/19/21 22:12,10/19/21 22:12,,
236789634,BestLMS,Graded,10/20/21 15:39,66,F,2942252013,100033992,10/19/21 22:12,10/19/21 22:12,,
236789635,BestLMS,Graded,10/20/21 15:39,56,F,2942252013,100033993,10/19/21 22:12,10/19/21 22:12,,
236789636,BestLMS,Missing,,0,F,2942252013,100033994,10/19/21 22:12,10/19/21 22:12,,
236789637,BestLMS,Graded,10/20/21 15:39,84,B,2942252013,100033995,10/19/21 22:12,10/19/21 22:12,,
236789638,BestLMS,Graded,10/20/21 15:39,68,F,2942252013,100033996,10/19/21 22:12,10/19/21 22:12,,
236789639,BestLMS,Graded,10/20/21 15:39,74,D+,2942252013,100033997,10/19/21 22:12,10/19/21 22:12,,
236789640,BestLMS,Graded,10/20/21 15:39,88,B+,2942252013,100033998,10/19/21 22:12,10/19/21 22:12,,
236789641,BestLMS,Graded,10/20/21 15:39,99,A+,2942252013,100033999,10/19/21 22:12,10/19/21 22:12,,
236789644,BestLMS,Late,10/30/21 13:27,55,F,2942252016,100033951,10/28/21 13:27,10/28/21 13:27,,
236789645,BestLMS,Graded,10/29/21 13:27,68,F,2942252016,100033952,10/28/21 13:27,10/28/21 13:27,,
236789646,BestLMS,Graded,10/29/21 13:27,88,B+,2942252016,100033953,10/28/21 13:27,10/28/21 13:27,,
236789647,BestLMS,Missing,,0,F,2942252016,100033954,10/28/21 13:27,10/28/21 13:27,,
236789648,BestLMS,Graded,10/29/21 13:27,100,A+,2942252016,100033955,10/28/21 13:27,10/28/21 13:27,,
236789649,BestLMS,Graded,10/29/21 13:27,80,B-,2942252016,100033956,10/28/21 13:27,10/28/21 13:27,,
236789650,BestLMS,Late,10/30/21 13:27,40,F,2942252016,100033957,10/28/21 13:27,10/28/21 13:27,,
236789651,BestLMS,Graded,10/29/21 13:27,76,C-,2942252016,100033958,10/28/21 13:27,10/28/21 13:27,,
236789652,BestLMS,Graded,10/29/21 13:27,66,F,2942252016,100033959,10/28/21 13:27,10/28/21 13:27,,
236789653,BestLMS,Graded,10/29/21 13:27,72,D,2942252016,100033960,10/28/21 13:27,10/28/21 13:27,,
236789654,BestLMS,Graded,10/29/21 13:27,85,B,2942252016,100033961,10/28/21 13:27,10/28/21 13:27,,
236789655,BestLMS,Graded,10/29/21 13:27,66,F,2942252016,100033962,10/28/21 13:27,10/28/21 13:27,,
236789656,BestLMS,Graded,10/29/21 13:27,93,A-,2942252016,100033963,10/28/21 13:27,10/28/21 13:27,,
236789657,BestLMS,Graded,10/29/21 13:27,95,A,2942252016,100033964,10/28/21 13:27,10/28/21 13:27,,
236789658,BestLMS,Graded,10/29/21 13:27,77,C,2942252016,100033965,10/28/21 13:27,10/28/21 13:27,,
236789659,BestLMS,Graded,10/29/21 13:27,70,D-,2942252016,100033966,10/28/21 13:27,10/28/21 13:27,,
236789660,BestLMS,Late,10/30/21 13:27,60,F,2942252016,100033967,10/28/21 13:27,10/28/21 13:27,,
236789661,BestLMS,Graded,10/29/21 13:27,83,B-,2942252016,100033968,10/28/21 13:27,10/28/21 13:27,,
236789662,BestLMS,Graded,10/29/21 13:27,64,F,2942252016,100033969,10/28/21 13:27,10/28/21 13:27,,
236789663,BestLMS,Graded,10/29/21 13:27,65,F,2942252016,100033970,10/28/21 13:27,10/28/21 13:27,,
236789664,BestLMS,Graded,10/29/21 13:27,70,D-,2942252016,100033971,10/28/21 13:27,10/28/21 13:27,,
236789665,BestLMS,Late,10/30/21 13:27,61,F,2942252016,100033972,10/28/21 13:27,10/28/21 13:27,,
236789666,BestLMS,Graded,10/29/21 13:27,96,A,2942252016,100033973,10/28/21 13:27,10/28/21 13:27,,
236789667,BestLMS,Graded,10/29/21 13:27,90,A-,2942252016,100033974,10/28/21 13:27,10/28/21 13:27,,
236789668,BestLMS,Graded,10/29/21 13:27,80,B-,2942252016,100033975,10/28/21 13:27,10/28/21 13:27,,
236789669,BestLMS,Late,10/30/21 13:27,68,F,2942252016,100033976,10/28/21 13:27,10/28/21 13:27,,
236789670,BestLMS,Missing,,0,F,2942252016,100033977,10/28/21 13:27,10/28/21 13:27,,
236789671,BestLMS,Graded,10/29/21 13:27,86,B,2942252016,100033978,10/28/21 13:27,10/28/21 13:27,,
236789672,BestLMS,Graded,10/29/21 13:27,71,D-,2942252016,100033979,10/28/21 13:27,10/28/21 13:27,,
236789673,BestLMS,Graded,10/29/21 13:27,100,A+,2942252016,100033980,10/28/21 13:27,10/28/21 13:27,,
236789674,BestLMS,Graded,10/29/21 13:27,70,D-,2942252016,100033981,10/28/21 13:27,10/28/21 13:27,,
236789675,BestLMS,Graded,10/29/21 13:27,90,A-,2942252016,100033982,10/28/21 13:27,10/28/21 13:27,,
236789676,BestLMS,Graded,10/29/21 13:27,87,B+,2942252016,100033983,10/28/21 13:27,10/28/21 13:27,,
236789677,BestLMS,Late,10/30/21 13:27,68,F,2942252016,100033984,10/28/21 13:27,10/28/21 13:27,,
236789678,BestLMS,Late,10/30/21 13:27,63,F,2942252016,100033985,10/28/21 13:27,10/28/21 13:27,,
236789679,BestLMS,Graded,10/29/21 13:27,79,C+,2942252016,100033986,10/28/21 13:27,10/28/21 13:27,,
236789680,BestLMS,Graded,10/29/21 13:27,79,C+,2942252016,100033987,10/28/21 13:27,10/28/21 13:27,,
236789681,BestLMS,Graded,10/29/21 13:27,100,A+,2942252016,100033988,10/28/21 13:27,10/28/21 13:27,,
236789682,BestLMS,Graded,10/29/21 13:27,70,D-,2942252016,100033989,10/28/21 13:27,10/28/21 13:27,,
236789683,BestLMS,Graded,10/29/21 13:27,79,C+,2942252016,100033990,10/28/21 13:27,10/28/21 13:27,,
236789684,BestLMS,Graded,10/29/21 13:27,90,A-,2942252016,100033991,10/28/21 13:27,10/28/21 13:27,,
236789685,BestLMS,Graded,10/29/21 13:27,80,B-,2942252016,100033992,10/28/21 13:27,10/28/21 13:27,,
236789686,BestLMS,Late,10/30/21 13:27,64,F,2942252016,100033993,10/28/21 13:27,10/28/21 13:27,,
236789687,BestLMS,Graded,10/29/21 13:27,88,B+,2942252016,100033994,10/28/21 13:27,10/28/21 13:27,,
236789688,BestLMS,Graded,10/29/21 13:27,80,B-,2942252016,100033995,10/28/21 13:27,10/28/21 13:27,,
236789689,BestLMS,Graded,10/29/21 13:27,76,C-,2942252016,100033996,10/28/21 13:27,10/28/21 13:27,,
236789690,BestLMS,Graded,10/29/21 13:27,84,B,2942252016,100033997,10/28/21 13:27,10/28/21 13:27,,
236789691,BestLMS,Graded,10/29/21 13:27,86,B,2942252016,100033998,10/28/21 13:27,10/28/21 13:27,,
236789692,BestLMS,Graded,10/29/21 13:27,100,A+,2942252016,100033999,10/28/21 13:27,10/28/21 13:27,,
236789693,BestLMS,Graded,11/3/21 23:59,75,C-,2942252017,100033951,11/1/21 23:59,11/1/21 23:59,,
236789694,BestLMS,Graded,11/3/21 23:59,76,C-,2942252017,100033952,11/1/21 23:59,11/1/21 23:59,,
236789695,BestLMS,Graded,11/3/21 23:59,80,B-,2942252017,100033953,11/1/21 23:59,11/1/21 23:59,,
236789696,BestLMS,Missing, ,0,F,2942252017,100033954,11/1/21 23:59,11/1/21 23:59,,
236789697,BestLMS,Graded,11/3/21 23:59,100,A+,2942252017,100033955,11/1/21 23:59,11/1/21 23:59,,
236789698,BestLMS,Graded,11/3/21 23:59,90,A-,2942252017,100033956,11/1/21 23:59,11/1/21 23:59,,
236789699,BestLMS,Late,11/4/21 23:59,52,F,2942252017,100033957,11/1/21 23:59,11/1/21 23:59,,
236789700,BestLMS,Graded,11/3/21 23:59,72,D,2942252017,100033958,11/1/21 23:59,11/1/21 23:59,,
236789701,BestLMS,Graded,11/3/21 23:59,85,B,2942252017,100033959,11/1/21 23:59,11/1/21 23:59,,
236789702,BestLMS,Graded,11/3/21 23:59,80,B-,2942252017,100033960,11/1/21 23:59,11/1/21 23:59,,
236789703,BestLMS,Graded,11/3/21 23:59,79,C+,2942252017,100033961,11/1/21 23:59,11/1/21 23:59,,
236789704,BestLMS,Late,11/4/21 23:59,66,F,2942252017,100033962,11/1/21 23:59,11/1/21 23:59,,
236789705,BestLMS,Graded,11/3/21 23:59,90,A-,2942252017,100033963,11/1/21 23:59,11/1/21 23:59,,
236789706,BestLMS,Graded,11/3/21 23:59,91,A-,2942252017,100033964,11/1/21 23:59,11/1/21 23:59,,
236789707,BestLMS,Graded,11/3/21 23:59,70,D-,2942252017,100033965,11/1/21 23:59,11/1/21 23:59,,
236789708,BestLMS,Graded,11/3/21 23:59,68,F,2942252017,100033966,11/1/21 23:59,11/1/21 23:59,,
236789709,BestLMS,Graded,11/3/21 23:59,68,F,2942252017,100033967,11/1/21 23:59,11/1/21 23:59,,
236789710,BestLMS,Graded,11/3/21 23:59,88,B+,2942252017,100033968,11/1/21 23:59,11/1/21 23:59,,
236789711,BestLMS,Graded,11/3/21 23:59,70,D-,2942252017,100033969,11/1/21 23:59,11/1/21 23:59,,
236789712,BestLMS,Late,11/4/21 23:59,55,F,2942252017,100033970,11/1/21 23:59,11/1/21 23:59,,
236789713,BestLMS,Graded,11/3/21 23:59,75,C-,2942252017,100033971,11/1/21 23:59,11/1/21 23:59,,
236789714,BestLMS,Late,11/4/21 23:59,62,F,2942252017,100033972,11/1/21 23:59,11/1/21 23:59,,
236789715,BestLMS,Graded,11/3/21 23:59,100,A+,2942252017,100033973,11/1/21 23:59,11/1/21 23:59,,
236789716,BestLMS,Graded,11/3/21 23:59,90,A-,2942252017,100033974,11/1/21 23:59,11/1/21 23:59,,
236789717,BestLMS,Graded,11/3/21 23:59,80,B-,2942252017,100033975,11/1/21 23:59,11/1/21 23:59,,
236789718,BestLMS,Late,11/4/21 23:59,67,F,2942252017,100033976,11/1/21 23:59,11/1/21 23:59,,
236789719,BestLMS,Missing,,0,F,2942252017,100033977,11/1/21 23:59,11/1/21 23:59,,
236789720,BestLMS,Graded,11/3/21 23:59,82,B-,2942252017,100033978,11/1/21 23:59,11/1/21 23:59,,
236789721,BestLMS,Graded,11/3/21 23:59,67,F,2942252017,100033979,11/1/21 23:59,11/1/21 23:59,,
236789722,BestLMS,Graded,11/3/21 23:59,98,A+,2942252017,100033980,11/1/21 23:59,11/1/21 23:59,,
236789723,BestLMS,Late,11/4/21 23:59,65,F,2942252017,100033981,11/1/21 23:59,11/1/21 23:59,,
236789724,BestLMS,Graded,11/3/21 23:59,98,A+,2942252017,100033982,11/1/21 23:59,11/1/21 23:59,,
236789725,BestLMS,Graded,11/3/21 23:59,90,A-,2942252017,100033983,11/1/21 23:59,11/1/21 23:59,,
236789726,BestLMS,Graded,11/3/21 23:59,67,F,2942252017,100033984,11/1/21 23:59,11/1/21 23:59,,
236789727,BestLMS,Graded,11/3/21 23:59,67,F,2942252017,100033985,11/1/21 23:59,11/1/21 23:59,,
236789728,BestLMS,Graded,11/3/21 23:59,77,C,2942252017,100033986,11/1/21 23:59,11/1/21 23:59,,
236789729,BestLMS,Graded,11/3/21 23:59,79,C+,2942252017,100033987,11/1/21 23:59,11/1/21 23:59,,
236789730,BestLMS,Graded,11/3/21 23:59,100,A+,2942252017,100033988,11/1/21 23:59,11/1/21 23:59,,
236789731,BestLMS,Late,11/4/21 23:59,52,F,2942252017,100033989,11/1/21 23:59,11/1/21 23:59,,
236789732,BestLMS,Graded,11/3/21 23:59,82,B-,2942252017,100033990,11/1/21 23:59,11/1/21 23:59,,
236789733,BestLMS,Graded,11/3/21 23:59,96,A,2942252017,100033991,11/1/21 23:59,11/1/21 23:59,,
236789734,BestLMS,Graded,11/3/21 23:59,58,F,2942252017,100033992,11/1/21 23:59,11/1/21 23:59,,
236789735,BestLMS,Late,11/4/21 23:59,60,F,2942252017,100033993,11/1/21 23:59,11/1/21 23:59,,
236789736,BestLMS,Graded,11/3/21 23:59,78,C,2942252017,100033994,11/1/21 23:59,11/1/21 23:59,,
236789737,BestLMS,Graded,11/3/21 23:59,96,A,2942252017,100033995,11/1/21 23:59,11/1/21 23:59,,
236789738,BestLMS,Graded,11/3/21 23:59,72,D,2942252017,100033996,11/1/21 23:59,11/1/21 23:59,,
236789739,BestLMS,Graded,11/3/21 23:59,80,B-,2942252017,100033997,11/1/21 23:59,11/1/21 23:59,,
236789740,BestLMS,Graded,11/3/21 23:59,90,A-,2942252017,100033998,11/1/21 23:59,11/1/21 23:59,,
236789741,BestLMS,Graded,11/3/21 23:59,94,A,2942252017,100033999,11/1/21 23:59,11/1/21 23:59,,
236789743,BestLMS,Graded,11/5/21 10:53,77,C+,2942252018,100033951,11/4/21 10:53,11/4/21 10:53,,
236789744,BestLMS,Graded,11/5/21 10:53,70,D-,2942252018,100033952,11/4/21 10:53,11/4/21 10:53,,
236789745,BestLMS,Graded,11/5/21 10:53,88,B+,2942252018,100033953,11/4/21 10:53,11/4/21 10:53,,
236789746,BestLMS,Late,11/6/21 10:53,51,F,2942252018,100033954,11/4/21 10:53,11/4/21 10:53,,
236789747,BestLMS,Graded,11/5/21 10:53,100,A+,2942252018,100033955,11/4/21 10:53,11/4/21 10:53,,
236789748,BestLMS,Graded,11/5/21 10:53,80,B-,2942252018,100033956,11/4/21 10:53,11/4/21 10:53,,
236789749,BestLMS,Missing,,0,F,2942252018,100033957,11/4/21 10:53,11/4/21 10:53,,
236789750,BestLMS,Graded,11/5/21 10:53,72,D,2942252018,100033958,11/4/21 10:53,11/4/21 10:53,,
236789751,BestLMS,Graded,11/5/21 10:53,81,B-,2942252018,100033959,11/4/21 10:53,11/4/21 10:53,,
236789752,BestLMS,Graded,11/5/21 10:53,74,D+,2942252018,100033960,11/4/21 10:53,11/4/21 10:53,,
236789753,BestLMS,Graded,11/5/21 10:53,84,B,2942252018,100033961,11/4/21 10:53,11/4/21 10:53,,
236789754,BestLMS,Late,11/6/21 10:53,62,F,2942252018,100033962,11/4/21 10:53,11/4/21 10:53,,
236789755,BestLMS,Graded,11/5/21 10:53,96,A,2942252018,100033963,11/4/21 10:53,11/4/21 10:53,,
236789756,BestLMS,Graded,11/5/21 10:53,96,A,2942252018,100033964,11/4/21 10:53,11/4/21 10:53,,
236789757,BestLMS,Graded,11/5/21 10:53,84,B,2942252018,100033965,11/4/21 10:53,11/4/21 10:53,,
236789758,BestLMS,Late,11/6/21 10:53,69,F,2942252018,100033966,11/4/21 10:53,11/4/21 10:53,,
236789759,BestLMS,Graded,11/5/21 10:53,70,D-,2942252018,100033967,11/4/21 10:53,11/4/21 10:53,,
236789760,BestLMS,Graded,11/5/21 10:53,78,C,2942252018,100033968,11/4/21 10:53,11/4/21 10:53,,
236789761,BestLMS,Late,11/6/21 10:53,54,F,2942252018,100033969,11/4/21 10:53,11/4/21 10:53,,
236789762,BestLMS,Graded,11/5/21 10:53,75,C-,2942252018,100033970,11/4/21 10:53,11/4/21 10:53,,
236789763,BestLMS,Late,11/6/21 10:53,65,F,2942252018,100033971,11/4/21 10:53,11/4/21 10:53,,
236789764,BestLMS,Late,11/6/21 10:53,60,F,2942252018,100033972,11/4/21 10:53,11/4/21 10:53,,
236789765,BestLMS,Graded,11/5/21 10:53,99,A+,2942252018,100033973,11/4/21 10:53,11/4/21 10:53,,
236789766,BestLMS,Graded,11/5/21 10:53,88,B+,2942252018,100033974,11/4/21 10:53,11/4/21 10:53,,
236789767,BestLMS,Graded,11/5/21 10:53,85,B,2942252018,100033975,11/4/21 10:53,11/4/21 10:53,,
236789768,BestLMS,Graded,11/5/21 10:53,71,D-,2942252018,100033976,11/4/21 10:53,11/4/21 10:53,,
236789769,BestLMS,Missing,,0,F,2942252018,100033977,11/4/21 10:53,11/4/21 10:53,,
236789770,BestLMS,Graded,11/5/21 10:53,90,A-,2942252018,100033978,11/4/21 10:53,11/4/21 10:53,,
236789771,BestLMS,Late,11/6/21 10:53,67,F,2942252018,100033979,11/4/21 10:53,11/4/21 10:53,,
236789772,BestLMS,Graded,11/5/21 10:53,98,A+,2942252018,100033980,11/4/21 10:53,11/4/21 10:53,,
236789773,BestLMS,Graded,11/5/21 10:53,65,F,2942252018,100033981,11/4/21 10:53,11/4/21 10:53,,
236789774,BestLMS,Graded,11/5/21 10:53,96,A,2942252018,100033982,11/4/21 10:53,11/4/21 10:53,,
236789775,BestLMS,Graded,11/5/21 10:53,85,B,2942252018,100033983,11/4/21 10:53,11/4/21 10:53,,
236789776,BestLMS,Graded,11/5/21 10:53,69,F,2942252018,100033984,11/4/21 10:53,11/4/21 10:53,,
236789777,BestLMS,Late,11/6/21 10:53,63,F,2942252018,100033985,11/4/21 10:53,11/4/21 10:53,,
236789778,BestLMS,Graded,11/5/21 10:53,81,B-,2942252018,100033986,11/4/21 10:53,11/4/21 10:53,,
236789779,BestLMS,Graded,11/5/21 10:53,75,C-,2942252018,100033987,11/4/21 10:53,11/4/21 10:53,,
236789780,BestLMS,Graded,11/5/21 10:53,100,A+,2942252018,100033988,11/4/21 10:53,11/4/21 10:53,,
236789781,BestLMS,Late,11/6/21 10:53,62,F,2942252018,100033989,11/4/21 10:53,11/4/21 10:53,,
236789782,BestLMS,Graded,11/5/21 10:53,76,C-,2942252018,100033990,11/4/21 10:53,11/4/21 10:53,,
236789783,BestLMS,Graded,11/5/21 10:53,100,A+,2942252018,100033991,11/4/21 10:53,11/4/21 10:53,,
236789784,BestLMS,Graded,11/5/21 10:53,66,F,2942252018,100033992,11/4/21 10:53,11/4/21 10:53,,
236789785,BestLMS,Late,11/6/21 10:53,62,F,2942252018,100033993,11/4/21 10:53,11/4/21 10:53,,
236789786,BestLMS,Graded,11/5/21 10:53,80,B-,2942252018,100033994,11/4/21 10:53,11/4/21 10:53,,
236789787,BestLMS,Graded,11/5/21 10:53,90,A-,2942252018,100033995,11/4/21 10:53,11/4/21 10:53,,
236789788,BestLMS,Graded,11/5/21 10:53,74,D+,2942252018,100033996,11/4/21 10:53,11/4/21 10:53,,
236789789,BestLMS,Graded,11/5/21 10:53,86,B,2942252018,100033997,11/4/21 10:53,11/4/21 10:53,,
236789790,BestLMS,Graded,11/5/21 10:53,82,B-,2942252018,100033998,11/4/21 10:53,11/4/21 10:53,,
236789791,BestLMS,Graded,11/5/21 10:53,97,A+,2942252018,100033999,11/4/21 10:53,11/4/21 10:53,,
236789793,BestLMS,Late,11/13/21 21:14,58,F,2942252020,100033951,11/10/21 21:14,11/10/21 21:14,,
236789794,BestLMS,Graded,11/12/21 19:56,68,F,2942252020,100033952,11/10/21 21:14,11/10/21 21:14,,
236789795,BestLMS,Graded,11/12/21 19:56,96,A,2942252020,100033953,11/10/21 21:14,11/10/21 21:14,,
236789796,BestLMS,Missing,,0,F,2942252020,100033954,11/10/21 21:14,11/10/21 21:14,,
236789797,BestLMS,Graded,11/12/21 19:56,100,A+,2942252020,100033955,11/10/21 21:14,11/10/21 21:14,,
236789798,BestLMS,Graded,11/12/21 19:56,90,A-,2942252020,100033956,11/10/21 21:14,11/10/21 21:14,,
236789799,BestLMS,Graded,11/12/21 19:56,80,B-,2942252020,100033957,11/10/21 21:14,11/10/21 21:14,,
236789800,BestLMS,Graded,11/12/21 19:56,76,C-,2942252020,100033958,11/10/21 21:14,11/10/21 21:14,,
236789801,BestLMS,Late,11/13/21 21:14,66,F,2942252020,100033959,11/10/21 21:14,11/10/21 21:14,,
236789802,BestLMS,Graded,11/12/21 19:56,66,F,2942252020,100033960,11/10/21 21:14,11/10/21 21:14,,
236789803,BestLMS,Graded,11/12/21 19:56,80,B-,2942252020,100033961,11/10/21 21:14,11/10/21 21:14,,
236789804,BestLMS,Graded,11/12/21 19:56,62,F,2942252020,100033962,11/10/21 21:14,11/10/21 21:14,,
236789805,BestLMS,Graded,11/12/21 19:56,93,A-,2942252020,100033963,11/10/21 21:14,11/10/21 21:14,,
236789806,BestLMS,Graded,11/12/21 19:56,90,A-,2942252020,100033964,11/10/21 21:14,11/10/21 21:14,,
236789807,BestLMS,Graded,11/12/21 19:56,77,C,2942252020,100033965,11/10/21 21:14,11/10/21 21:14,,
236789808,BestLMS,Graded,11/12/21 19:56,69,F,2942252020,100033966,11/10/21 21:14,11/10/21 21:14,,
236789809,BestLMS,Graded,11/12/21 19:56,78,C,2942252020,100033967,11/10/21 21:14,11/10/21 21:14,,
236789810,BestLMS,Graded,11/12/21 19:56,83,B-,2942252020,100033968,11/10/21 21:14,11/10/21 21:14,,
236789811,BestLMS,Late,11/13/21 21:14,62,F,2942252020,100033969,11/10/21 21:14,11/10/21 21:14,,
236789812,BestLMS,Late,11/13/21 21:14,65,F,2942252020,100033970,11/10/21 21:14,11/10/21 21:14,,
236789813,BestLMS,Graded,11/12/21 19:56,70,D-,2942252020,100033971,11/10/21 21:14,11/10/21 21:14,,
236789814,BestLMS,Graded,11/12/21 19:56,61,F,2942252020,100033972,11/10/21 21:14,11/10/21 21:14,,
236789815,BestLMS,Graded,11/12/21 19:56,97,A+,2942252020,100033973,11/10/21 21:14,11/10/21 21:14,,
236789816,BestLMS,Graded,11/12/21 19:56,89,B+,2942252020,100033974,11/10/21 21:14,11/10/21 21:14,,
236789817,BestLMS,Graded,11/12/21 19:56,85,B,2942252020,100033975,11/10/21 21:14,11/10/21 21:14,,
236789818,BestLMS,Graded,11/12/21 19:56,69,F,2942252020,100033976,11/10/21 21:14,11/10/21 21:14,,
236789819,BestLMS,Missing,,0,F,2942252020,100033977,11/10/21 21:14,11/10/21 21:14,,
236789820,BestLMS,Graded,11/12/21 19:56,78,C-,2942252020,100033978,11/10/21 21:14,11/10/21 21:14,,
236789821,BestLMS,Graded,11/12/21 19:56,71,D-,2942252020,100033979,11/10/21 21:14,11/10/21 21:14,,
236789822,BestLMS,Graded,11/12/21 19:56,100,A+,2942252020,100033980,11/10/21 21:14,11/10/21 21:14,,
236789823,BestLMS,Graded,11/12/21 19:56,70,D-,2942252020,100033981,11/10/21 21:14,11/10/21 21:14,,
236789824,BestLMS,Graded,11/12/21 19:56,92,A-,2942252020,100033982,11/10/21 21:14,11/10/21 21:14,,
236789825,BestLMS,Graded,11/12/21 19:56,86,B,2942252020,100033983,11/10/21 21:14,11/10/21 21:14,,
236789826,BestLMS,Late,11/13/21 21:14,69,F,2942252020,100033984,11/10/21 21:14,11/10/21 21:14,,
236789827,BestLMS,Late,11/13/21 21:14,65,F,2942252020,100033985,11/10/21 21:14,11/10/21 21:14,,
236789828,BestLMS,Graded,11/12/21 19:56,79,C+,2942252020,100033986,11/10/21 21:14,11/10/21 21:14,,
236789829,BestLMS,Graded,11/12/21 19:56,77,C,2942252020,100033987,11/10/21 21:14,11/10/21 21:14,,
236789830,BestLMS,Graded,11/12/21 19:56,100,A+,2942252020,100033988,11/10/21 21:14,11/10/21 21:14,,
236789831,BestLMS,Graded,11/12/21 19:56,60,F,2942252020,100033989,11/10/21 21:14,11/10/21 21:14,,
236789832,BestLMS,Graded,11/12/21 19:56,79,C+,2942252020,100033990,11/10/21 21:14,11/10/21 21:14,,
236789833,BestLMS,Graded,11/12/21 19:56,86,B,2942252020,100033991,11/10/21 21:14,11/10/21 21:14,,
236789834,BestLMS,Graded,11/12/21 19:56,72,D,2942252020,100033992,11/10/21 21:14,11/10/21 21:14,,
236789835,BestLMS,Late,11/13/21 21:14,62,F,2942252020,100033993,11/10/21 21:14,11/10/21 21:14,,
236789836,BestLMS,Graded,11/12/21 19:56,90,A-,2942252020,100033994,11/10/21 21:14,11/10/21 21:14,,
236789837,BestLMS,Graded,11/12/21 19:56,86,B,2942252020,100033995,11/10/21 21:14,11/10/21 21:14,,
236789838,BestLMS,Graded,11/12/21 19:56,74,D+,2942252020,100033996,11/10/21 21:14,11/10/21 21:14,,
236789839,BestLMS,Graded,11/12/21 19:56,78,C,2942252020,100033997,11/10/21 21:14,11/10/21 21:14,,
236789840,BestLMS,Graded,11/12/21 19:56,86,B,2942252020,100033998,11/10/21 21:14,11/10/21 21:14,,
236789841,BestLMS,Graded,11/12/21 19:56,97,A+,2942252020,100033999,11/10/21 21:14,11/10/21 21:14,,
236789843,BestLMS,Late,11/18/21 8:59,50,F,2942252021,100033951,11/15/21 23:59,11/15/21 23:59,,
236789844,BestLMS,Graded,11/17/21 23:59,68,F,2942252021,100033952,11/15/21 23:59,11/15/21 23:59,,
236789845,BestLMS,Graded,11/17/21 23:59,88,B+,2942252021,100033953,11/15/21 23:59,11/15/21 23:59,,
236789846,BestLMS,Missing,,0,F,2942252021,100033954,11/15/21 23:59,11/15/21 23:59,,
236789847,BestLMS,Graded,11/17/21 23:59,100,A+,2942252021,100033955,11/15/21 23:59,11/15/21 23:59,,
236789848,BestLMS,Graded,11/17/21 23:59,90,A-,2942252021,100033956,11/15/21 23:59,11/15/21 23:59,,
236789849,BestLMS,Missing,,0,F,2942252021,100033957,11/15/21 23:59,11/15/21 23:59,,
236789850,BestLMS,Graded,11/17/21 23:59,76,C-,2942252021,100033958,11/15/21 23:59,11/15/21 23:59,,
236789851,BestLMS,Graded,11/17/21 23:59,83,B-,2942252021,100033959,11/15/21 23:59,11/15/21 23:59,,
236789852,BestLMS,Graded,11/17/21 23:59,73,D,2942252021,100033960,11/15/21 23:59,11/15/21 23:59,,
236789853,BestLMS,Graded,11/17/21 23:59,82,B-,2942252021,100033961,11/15/21 23:59,11/15/21 23:59,,
236789854,BestLMS,Graded,11/17/21 23:59,64,F,2942252021,100033962,11/15/21 23:59,11/15/21 23:59,,
236789855,BestLMS,Graded,11/17/21 23:59,93,A-,2942252021,100033963,11/15/21 23:59,11/15/21 23:59,,
236789856,BestLMS,Graded,11/17/21 23:59,93,A-,2942252021,100033964,11/15/21 23:59,11/15/21 23:59,,
236789857,BestLMS,Late,11/18/21 8:59,77,C,2942252021,100033965,11/15/21 23:59,11/15/21 23:59,,
236789858,BestLMS,Graded,11/17/21 23:59,69,F,2942252021,100033966,11/15/21 23:59,11/15/21 23:59,,
236789859,BestLMS,Graded,11/17/21 23:59,74,D+,2942252021,100033967,11/15/21 23:59,11/15/21 23:59,,
236789860,BestLMS,Graded,11/17/21 23:59,83,B-,2942252021,100033968,11/15/21 23:59,11/15/21 23:59,,
236789861,BestLMS,Late,11/18/21 8:59,62,F,2942252021,100033969,11/15/21 23:59,11/15/21 23:59,,
236789862,BestLMS,Graded,11/17/21 23:59,70,D-,2942252021,100033970,11/15/21 23:59,11/15/21 23:59,,
236789863,BestLMS,Graded,11/17/21 23:59,70,D-,2942252021,100033971,11/15/21 23:59,11/15/21 23:59,,
236789864,BestLMS,Late,11/18/21 8:59,61,F,2942252021,100033972,11/15/21 23:59,11/15/21 23:59,,
236789865,BestLMS,Graded,11/17/21 23:59,98,A+,2942252021,100033973,11/15/21 23:59,11/15/21 23:59,,
236789866,BestLMS,Graded,11/17/21 23:59,89,B+,2942252021,100033974,11/15/21 23:59,11/15/21 23:59,,
236789867,BestLMS,Graded,11/17/21 23:59,85,B,2942252021,100033975,11/15/21 23:59,11/15/21 23:59,,
236789868,BestLMS,Graded,11/17/21 23:59,69,F,2942252021,100033976,11/15/21 23:59,11/15/21 23:59,,
236789869,BestLMS,Missing,,0,F,2942252021,100033977,11/15/21 23:59,11/15/21 23:59,,
236789870,BestLMS,Graded,11/17/21 23:59,84,B,2942252021,100033978,11/15/21 23:59,11/15/21 23:59,,
236789871,BestLMS,Graded,11/17/21 23:59,69,F,2942252021,100033979,11/15/21 23:59,11/15/21 23:59,,
236789872,BestLMS,Graded,11/17/21 23:59,99,A+,2942252021,100033980,11/15/21 23:59,11/15/21 23:59,,
236789873,BestLMS,Graded,11/17/21 23:59,70,D-,2942252021,100033981,11/15/21 23:59,11/15/21 23:59,,
236789874,BestLMS,Graded,11/17/21 23:59,94,A,2942252021,100033982,11/15/21 23:59,11/15/21 23:59,,
236789875,BestLMS,Graded,11/17/21 23:59,87,B+,2942252021,100033983,11/15/21 23:59,11/15/21 23:59,,
236789876,BestLMS,Late,11/18/21 8:59,69,F,2942252021,100033984,11/15/21 23:59,11/15/21 23:59,,
236789877,BestLMS,Graded,11/17/21 23:59,65,F,2942252021,100033985,11/15/21 23:59,11/15/21 23:59,,
236789878,BestLMS,Graded,11/17/21 23:59,79,C+,2942252021,100033986,11/15/21 23:59,11/15/21 23:59,,
236789879,BestLMS,Graded,11/17/21 23:59,77,C,2942252021,100033987,11/15/21 23:59,11/15/21 23:59,,
236789880,BestLMS,Graded,11/17/21 23:59,100,A+,2942252021,100033988,11/15/21 23:59,11/15/21 23:59,,
236789881,BestLMS,Late,11/18/21 8:59,61,F,2942252021,100033989,11/15/21 23:59,11/15/21 23:59,,
236789882,BestLMS,Graded,11/17/21 23:59,79,C+,2942252021,100033990,11/15/21 23:59,11/15/21 23:59,,
236789883,BestLMS,Graded,11/17/21 23:59,93,A-,2942252021,100033991,11/15/21 23:59,11/15/21 23:59,,
236789884,BestLMS,Late,11/18/21 8:59,67,F,2942252021,100033992,11/15/21 23:59,11/15/21 23:59,,
236789885,BestLMS,Late,11/18/21 8:59,62,F,2942252021,100033993,11/15/21 23:59,11/15/21 23:59,,
236789886,BestLMS,Graded,11/17/21 23:59,73,D,2942252021,100033994,11/15/21 23:59,11/15/21 23:59,,
236789887,BestLMS,Graded,11/17/21 23:59,88,B+,2942252021,100033995,11/15/21 23:59,11/15/21 23:59,,
236789888,BestLMS,Graded,11/17/21 23:59,74,C+,2942252021,100033996,11/15/21 23:59,11/15/21 23:59,,
236789889,BestLMS,Graded,11/17/21 23:59,82,B-,2942252021,100033997,11/15/21 23:59,11/15/21 23:59,,
236789890,BestLMS,Graded,11/17/21 23:59,86,B,2942252021,100033998,11/15/21 23:59,11/15/21 23:59,,
236789891,BestLMS,Graded,11/17/21 23:59,97,A+,2942252021,100033999,11/15/21 23:59,11/15/21 23:59,,
236789893,BestLMS,Graded,9/1/21 15:15,80,B-,2942252026,100033951,8/30/21 15:15,8/30/21 15:15,,
236789894,BestLMS,Graded,9/1/21 15:15,88,B+,2942252026,100033952,8/30/21 15:15,8/30/21 15:15,,
236789895,BestLMS,Graded,9/1/21 15:15,95,A,2942252026,100033953,8/30/21 15:15,8/30/21 15:15,,
236789896,BestLMS,Late,9/2/21 15:15,70,D-,2942252026,100033954,8/30/21 15:15,8/30/21 15:15,,
236789897,BestLMS,Graded,9/1/21 15:15,90,A-,2942252026,100033955,8/30/21 15:15,8/30/21 15:15,,
236789898,BestLMS,Late,9/2/21 15:15,70,D-,2942252026,100033956,8/30/21 15:15,8/30/21 15:15,,
236789899,BestLMS,Graded,9/1/21 15:15,80,B-,2942252026,100033957,8/30/21 15:15,8/30/21 15:15,,
236789900,BestLMS,Graded,9/1/21 15:15,78,C,2942252026,100033958,8/30/21 15:15,8/30/21 15:15,,
236789901,BestLMS,Graded,9/1/21 15:15,100,A+,2942252026,100033959,8/30/21 15:15,8/30/21 15:15,,
236789902,BestLMS,Graded,9/1/21 15:15,80,B-,2942252026,100033960,8/30/21 15:15,8/30/21 15:15,,
236789903,BestLMS,Graded,9/1/21 15:15,100,A+,2942252026,100033961,8/30/21 15:15,8/30/21 15:15,,
236789904,BestLMS,Graded,9/1/21 15:15,100,A+,2942252026,100033962,8/30/21 15:15,8/30/21 15:15,,
236789905,BestLMS,Graded,9/1/21 15:15,90,A-,2942252026,100033963,8/30/21 15:15,8/30/21 15:15,,
236789906,BestLMS,Late,9/2/21 15:15,65,F,2942252026,100033964,8/30/21 15:15,8/30/21 15:15,,
236789907,BestLMS,Graded,9/1/21 15:15,80,B-,2942252026,100033965,8/30/21 15:15,8/30/21 15:15,,
236789908,BestLMS,Graded,9/1/21 15:15,100,A+,2942252026,100033966,8/30/21 15:15,8/30/21 15:15,,
236789909,BestLMS,Graded,9/1/21 15:15,100,A+,2942252026,100033967,8/30/21 15:15,8/30/21 15:15,,
236789910,BestLMS,Late,9/2/21 15:15,76,C-,2942252026,100033968,8/30/21 15:15,8/30/21 15:15,,
236789911,BestLMS,Late,9/2/21 15:15,75,C-,2942252026,100033969,8/30/21 15:15,8/30/21 15:15,,
236789912,BestLMS,Graded,9/1/21 15:15,90,A-,2942252026,100033970,8/30/21 15:15,8/30/21 15:15,,
236789913,BestLMS,Graded,9/1/21 15:15,100,A+,2942252026,100033971,8/30/21 15:15,8/30/21 15:15,,
236789914,BestLMS,Graded,9/1/21 15:15,90,A-,2942252026,100033972,8/30/21 15:15,8/30/21 15:15,,
236789915,BestLMS,Graded,9/1/21 15:15,100,A+,2942252026,100033973,8/30/21 15:15,8/30/21 15:15,,
236789916,BestLMS,Graded,9/1/21 15:15,100,A+,2942252026,100033974,8/30/21 15:15,8/30/21 15:15,,
236789943,BestLMS,Graded,9/6/21 11:47,85,B-,2942252028,100033951,9/4/21 15:15,9/4/21 15:15,,
236789944,BestLMS,Late,9/7/21 11:47,74,D+,2942252028,100033952,9/4/21 15:15,9/4/21 15:15,,
236789945,BestLMS,Graded,9/6/21 11:47,93,A,2942252028,100033953,9/4/21 15:15,9/4/21 15:15,,
236789946,BestLMS,Graded,9/6/21 11:47,80,B-,2942252028,100033954,9/4/21 15:15,9/4/21 15:15,,
236789947,BestLMS,Graded,9/6/21 11:47,100,A+,2942252028,100033955,9/4/21 15:15,9/4/21 15:15,,
236789948,BestLMS,Graded,9/6/21 11:47,50,F,2942252028,100033956,9/4/21 15:15,9/4/21 15:15,,
236789949,BestLMS,Late,9/7/21 11:47,72,D,2942252028,100033957,9/4/21 15:15,9/4/21 15:15,,
236789950,BestLMS,Graded,9/6/21 11:47,72,D,2942252028,100033958,9/4/21 15:15,9/4/21 15:15,,
236789951,BestLMS,Graded,9/6/21 11:47,86,B,2942252028,100033959,9/4/21 15:15,9/4/21 15:15,,
236789952,BestLMS,Missing,,0,F,2942252028,100033960,9/4/21 15:15,9/4/21 15:15,,
236789953,BestLMS,Graded,9/6/21 11:47,88,B+,2942252028,100033961,9/4/21 15:15,9/4/21 15:15,,
236789954,BestLMS,Graded,9/6/21 11:47,86,B,2942252028,100033962,9/4/21 15:15,9/4/21 15:15,,
236789955,BestLMS,Graded,9/6/21 11:47,90,A-,2942252028,100033963,9/4/21 15:15,9/4/21 15:15,,
236789956,BestLMS,Late,9/8/21 11:47,59,F,2942252028,100033964,9/4/21 15:15,9/4/21 15:15,,
236789957,BestLMS,Graded,9/6/21 11:47,70,D-,2942252028,100033965,9/4/21 15:15,9/4/21 15:15,,
236789958,BestLMS,Graded,9/6/21 11:47,100,A+,2942252028,100033966,9/4/21 15:15,9/4/21 15:15,,
236789959,BestLMS,Graded,9/6/21 11:47,86,B,2942252028,100033967,9/4/21 15:15,9/4/21 15:15,,
236789960,BestLMS,Late,9/7/21 11:47,74,D+,2942252028,100033968,9/4/21 15:15,9/4/21 15:15,,
236789961,BestLMS,Graded,9/6/21 11:47,95,A,2942252028,100033969,9/4/21 15:15,9/4/21 15:15,,
236789962,BestLMS,Graded,9/6/21 11:47,90,A-,2942252028,100033970,9/4/21 15:15,9/4/21 15:15,,
236789963,BestLMS,Graded,9/6/21 11:47,92,A-,2942252028,100033971,9/4/21 15:15,9/4/21 15:15,,
236789964,BestLMS,Graded,9/6/21 11:47,100,A+,2942252028,100033972,9/4/21 15:15,9/4/21 15:15,,
236789965,BestLMS,Graded,9/6/21 11:47,86,B,2942252028,100033973,9/4/21 15:15,9/4/21 15:15,,
236789966,BestLMS,Graded,9/6/21 11:47,92,A-,2942252028,100033974,9/4/21 15:15,9/4/21 15:15,,
236789993,BestLMS,Graded,9/23/21 23:59,83,B ,2942252030,100033951,9/21/21 23:59,9/21/21 23:59,,
236789994,BestLMS,Graded,9/23/21 23:59,82,B-,2942252030,100033952,9/21/21 23:59,9/21/21 23:59,,
236789995,BestLMS,Graded,9/23/21 23:59,97,A,2942252030,100033953,9/21/21 23:59,9/21/21 23:59,,
236789996,BestLMS,Late,9/24/21 23:59,60,F,2942252030,100033954,9/21/21 23:59,9/21/21 23:59,,
236789997,BestLMS,Graded,9/23/21 23:59,91,A-,2942252030,100033955,9/21/21 23:59,9/21/21 23:59,,
236789998,BestLMS,Graded,9/23/21 23:59,62,F,2942252030,100033956,9/21/21 23:59,9/21/21 23:59,,
236789999,BestLMS,Graded,9/23/21 23:59,76,C-,2942252030,100033957,9/21/21 23:59,9/21/21 23:59,,
236790000,BestLMS,Missing,,0,F,2942252030,100033958,9/21/21 23:59,9/21/21 23:59,,
236790001,BestLMS,Graded,9/23/21 23:59,100,A+,2942252030,100033959,9/21/21 23:59,9/21/21 23:59,,
236790002,BestLMS,Late,9/24/21 23:59,62,F,2942252030,100033960,9/21/21 23:59,9/21/21 23:59,,
236790003,BestLMS,Graded,9/23/21 23:59,100,A+,2942252030,100033961,9/21/21 23:59,9/21/21 23:59,,
236790004,BestLMS,Graded,9/23/21 23:59,86,B,2942252030,100033962,9/21/21 23:59,9/21/21 23:59,,
236790005,BestLMS,Graded,9/23/21 23:59,88,B+,2942252030,100033963,9/21/21 23:59,9/21/21 23:59,,
236790006,BestLMS,Late,9/24/21 23:59,60,F,2942252030,100033964,9/21/21 23:59,9/21/21 23:59,,
236790007,BestLMS,Graded,9/23/21 23:59,75,C-,2942252030,100033965,9/21/21 23:59,9/21/21 23:59,,
236790008,BestLMS,Graded,9/23/21 23:59,100,A+,2942252030,100033966,9/21/21 23:59,9/21/21 23:59,,
236790009,BestLMS,Graded,9/23/21 23:59,93,A-,2942252030,100033967,9/21/21 23:59,9/21/21 23:59,,
236790010,BestLMS,Late,9/24/21 23:59,72,D,2942252030,100033968,9/21/21 23:59,9/21/21 23:59,,
236790011,BestLMS,Graded,9/23/21 23:59,100,A+,2942252030,100033969,9/21/21 23:59,9/21/21 23:59,,
236790012,BestLMS,Graded,9/23/21 23:59,89,B+,2942252030,100033970,9/21/21 23:59,9/21/21 23:59,,
236790013,BestLMS,Graded,9/23/21 23:59,100,A+,2942252030,100033971,9/21/21 23:59,9/21/21 23:59,,
236790014,BestLMS,Graded,9/23/21 23:59,97,A+,2942252030,100033972,9/21/21 23:59,9/21/21 23:59,,
236790015,BestLMS,Graded,9/23/21 23:59,90,A-,2942252030,100033973,9/21/21 23:59,9/21/21 23:59,,
236790016,BestLMS,Graded,9/23/21 23:59,96,A,2942252030,100033974,9/21/21 23:59,9/21/21 23:59,,
236790043,BestLMS,Graded,10/1/21 23:47,84,B ,2942252032,100033951,9/30/21 23:47,9/30/21 23:47,,
236790044,BestLMS,Graded,10/1/21 23:47,78,C,2942252032,100033952,9/30/21 23:47,9/30/21 23:47,,
236790045,BestLMS,Graded,10/1/21 23:47,94,A,2942252032,100033953,9/30/21 23:47,9/30/21 23:47,,
236790046,BestLMS,Missing,,0,F,2942252032,100033954,9/30/21 23:47,9/30/21 23:47,,
236790047,BestLMS,Graded,10/1/21 23:47,100,A+,2942252032,100033955,9/30/21 23:47,9/30/21 23:47,,
236790048,BestLMS,Graded,10/1/21 23:47,60,F,2942252032,100033956,9/30/21 23:47,9/30/21 23:47,,
236790049,BestLMS,Graded,10/1/21 23:47,80,B-,2942252032,100033957,9/30/21 23:47,9/30/21 23:47,,
236790050,BestLMS,Late,10/3/21 23:47,64,F,2942252032,100033958,9/30/21 23:47,9/30/21 23:47,,
236790051,BestLMS,Graded,10/1/21 23:47,93,A-,2942252032,100033959,9/30/21 23:47,9/30/21 23:47,,
236790052,BestLMS,Late,10/3/21 23:47,60,F,2942252032,100033960,9/30/21 23:47,9/30/21 23:47,,
236790053,BestLMS,Graded,10/1/21 23:47,88,B+,2942252032,100033961,9/30/21 23:47,9/30/21 23:47,,
236790054,BestLMS,Graded,10/1/21 23:47,100,A+,2942252032,100033962,9/30/21 23:47,9/30/21 23:47,,
236790055,BestLMS,Graded,10/1/21 23:47,89,B+,2942252032,100033963,9/30/21 23:47,9/30/21 23:47,,
236790056,BestLMS,Late,10/3/21 23:47,64,F,2942252032,100033964,9/30/21 23:47,9/30/21 23:47,,
236790057,BestLMS,Graded,10/1/21 23:47,100,A+,2942252032,100033965,9/30/21 23:47,9/30/21 23:47,,
236790058,BestLMS,Graded,10/1/21 23:47,100,A+,2942252032,100033966,9/30/21 23:47,9/30/21 23:47,,
236790059,BestLMS,Graded,10/1/21 23:47,100,A+,2942252032,100033967,9/30/21 23:47,9/30/21 23:47,,
236790060,BestLMS,Graded,10/1/21 23:47,80,B-,2942252032,100033968,9/30/21 23:47,9/30/21 23:47,,
236790061,BestLMS,Late,10/3/21 23:47,70,D-,2942252032,100033969,9/30/21 23:47,9/30/21 23:47,,
236790062,BestLMS,Graded,10/1/21 23:47,88,B+,2942252032,100033970,9/30/21 23:47,9/30/21 23:47,,
236790063,BestLMS,Graded,10/1/21 23:47,96,A,2942252032,100033971,9/30/21 23:47,9/30/21 23:47,,
236790064,BestLMS,Graded,10/1/21 23:47,93,A-,2942252032,100033972,9/30/21 23:47,9/30/21 23:47,,
236790065,BestLMS,Graded,10/1/21 23:47,96,A,2942252032,100033973,9/30/21 23:47,9/30/21 23:47,,
236790066,BestLMS,Graded,10/1/21 23:47,98,A+,2942252032,100033974,9/30/21 23:47,9/30/21 23:47,,
236790093,BestLMS,Graded,10/1/21 23:59,82,B-,2942252034,100033951,9/29/21 23:59,9/29/21 23:59,,
236790094,BestLMS,Graded,10/1/21 23:59,68,F,2942252034,100033952,9/29/21 23:59,9/29/21 23:59,,
236790095,BestLMS,Graded,10/1/21 23:59,96,A,2942252034,100033953,9/29/21 23:59,9/29/21 23:59,,
236790096,BestLMS,Graded,10/1/21 23:59,65,F,2942252034,100033954,9/29/21 23:59,9/29/21 23:59,,
236790097,BestLMS,Graded,10/1/21 23:59,96,A ,2942252034,100033955,9/29/21 23:59,9/29/21 23:59,,
236790098,BestLMS,Graded,10/1/21 23:59,61,F,2942252034,100033956,9/29/21 23:59,9/29/21 23:59,,
236790099,BestLMS,Late,10/2/21 23:59,72,D,2942252034,100033957,9/29/21 23:59,9/29/21 23:59,,
236790100,BestLMS,Graded,10/1/21 23:59,68,F,2942252034,100033958,9/29/21 23:59,9/29/21 23:59,,
236790101,BestLMS,Graded,10/1/21 23:59,86,B,2942252034,100033959,9/29/21 23:59,9/29/21 23:59,,
236790102,BestLMS,Late,10/2/21 23:59,61,F,2942252034,100033960,9/29/21 23:59,9/29/21 23:59,,
236790103,BestLMS,Graded,10/1/21 23:59,94,A,2942252034,100033961,9/29/21 23:59,9/29/21 23:59,,
236790104,BestLMS,Graded,10/1/21 23:59,93,A-,2942252034,100033962,9/29/21 23:59,9/29/21 23:59,,
236790105,BestLMS,Graded,10/1/21 23:59,88,B+,2942252034,100033963,9/29/21 23:59,9/29/21 23:59,,
236790106,BestLMS,Graded,10/1/21 23:59,62,F,2942252034,100033964,9/29/21 23:59,9/29/21 23:59,,
236790107,BestLMS,Missing,,0,F,2942252034,100033965,9/29/21 23:59,9/29/21 23:59,,
236790108,BestLMS,Graded,10/1/21 23:59,100,A+,2942252034,100033966,9/29/21 23:59,9/29/21 23:59,,
236790109,BestLMS,Graded,10/1/21 23:59,86,B,2942252034,100033967,9/29/21 23:59,9/29/21 23:59,,
236790110,BestLMS,Late,10/2/21 23:59,68,F,2942252034,100033968,9/29/21 23:59,9/29/21 23:59,,
236790111,BestLMS,Late,10/2/21 23:59,85,B,2942252034,100033969,9/29/21 23:59,9/29/21 23:59,,
236790112,BestLMS,Graded,10/1/21 23:59,88,B+,2942252034,100033970,9/29/21 23:59,9/29/21 23:59,,
236790113,BestLMS,Graded,10/1/21 23:59,92,A-,2942252034,100033971,9/29/21 23:59,9/29/21 23:59,,
236790114,BestLMS,Graded,10/1/21 23:59,95,A,2942252034,100033972,9/29/21 23:59,9/29/21 23:59,,
236790115,BestLMS,Graded,10/1/21 23:59,93,A-,2942252034,100033973,9/29/21 23:59,9/29/21 23:59,,
236790116,BestLMS,Graded,10/1/21 23:59,94,A,2942252034,100033974,9/29/21 23:59,9/29/21 23:59,,
236790143,BestLMS,Graded,10/8/21 23:59,80,B-,2942252036,100033951,10/7/21 23:59,10/7/21 23:59,,
236790144,BestLMS,Late,10/9/21 23:59,78,C,2942252036,100033952,10/7/21 23:59,10/7/21 23:59,,
236790145,BestLMS,Graded,10/8/21 23:59,95,A,2942252036,100033953,10/7/21 23:59,10/7/21 23:59,,
236790146,BestLMS,Late,10/9/21 23:59,65,F,2942252036,100033954,10/7/21 23:59,10/7/21 23:59,,
236790147,BestLMS,Graded,10/8/21 23:59,96,A ,2942252036,100033955,10/7/21 23:59,10/7/21 23:59,,
236790148,BestLMS,Late,10/9/21 23:59,61,F,2942252036,100033956,10/7/21 23:59,10/7/21 23:59,,
236790149,BestLMS,Graded,10/8/21 23:59,76,C-,2942252036,100033957,10/7/21 23:59,10/7/21 23:59,,
236790150,BestLMS,Graded,10/8/21 23:59,68,F,2942252036,100033958,10/7/21 23:59,10/7/21 23:59,,
236790151,BestLMS,Graded,10/8/21 23:59,93,A-,2942252036,100033959,10/7/21 23:59,10/7/21 23:59,,
236790152,BestLMS,Graded,10/8/21 23:59,61,F,2942252036,100033960,10/7/21 23:59,10/7/21 23:59,,
236790153,BestLMS,Graded,10/8/21 23:59,94,A,2942252036,100033961,10/7/21 23:59,10/7/21 23:59,,
236790154,BestLMS,Graded,10/8/21 23:59,93,A-,2942252036,100033962,10/7/21 23:59,10/7/21 23:59,,
236790155,BestLMS,Graded,10/8/21 23:59,89,B+,2942252036,100033963,10/7/21 23:59,10/7/21 23:59,,
236790156,BestLMS,Late,10/9/21 23:59,62,F,2942252036,100033964,10/7/21 23:59,10/7/21 23:59,,
236790157,BestLMS,Graded,10/8/21 23:59,75,C-,2942252036,100033965,10/7/21 23:59,10/7/21 23:59,,
236790158,BestLMS,Graded,10/8/21 23:59,100,A+,2942252036,100033966,10/7/21 23:59,10/7/21 23:59,,
236790159,BestLMS,Graded,10/8/21 23:59,93,A-,2942252036,100033967,10/7/21 23:59,10/7/21 23:59,,
236790160,BestLMS,Late,10/9/21 23:59,74,D+,2942252036,100033968,10/7/21 23:59,10/7/21 23:59,,
236790161,BestLMS,Graded,10/8/21 23:59,85,B,2942252036,100033969,10/7/21 23:59,10/7/21 23:59,,
236790162,BestLMS,Graded,10/8/21 23:59,89,B+,2942252036,100033970,10/7/21 23:59,10/7/21 23:59,,
236790163,BestLMS,Graded,10/8/21 23:59,96,A,2942252036,100033971,10/7/21 23:59,10/7/21 23:59,,
236790164,BestLMS,Graded,10/8/21 23:59,95,A,2942252036,100033972,10/7/21 23:59,10/7/21 23:59,,
236790165,BestLMS,Graded,10/8/21 23:59,93,A-,2942252036,100033973,10/7/21 23:59,10/7/21 23:59,,
236790166,BestLMS,Graded,10/8/21 23:59,96,A,2942252036,100033974,10/7/21 23:59,10/7/21 23:59,,
236790193,BestLMS,Missing, ,0,F,2942252038,100033951,10/19/21 23:59,10/19/21 23:59,,
236790194,BestLMS,Graded,10/20/21 9:23,80,B-,2942252038,100033952,10/19/21 23:59,10/19/21 23:59,,
236790195,BestLMS,Graded,10/20/21 9:23,90,A-,2942252038,100033953,10/19/21 23:59,10/19/21 23:59,,
236790196,BestLMS,Graded,10/20/21 9:23,70,D-,2942252038,100033954,10/19/21 23:59,10/19/21 23:59,,
236790197,BestLMS,Graded,10/20/21 9:23,98,A+,2942252038,100033955,10/19/21 23:59,10/19/21 23:59,,
236790198,BestLMS,Graded,10/20/21 9:23,70,D-,2942252038,100033956,10/19/21 23:59,10/19/21 23:59,,
236790199,BestLMS,Graded,10/20/21 9:23,88,B+,2942252038,100033957,10/19/21 23:59,10/19/21 23:59,,
236790200,BestLMS,Missing,,0,F,2942252038,100033958,10/19/21 23:59,10/19/21 23:59,,
236790201,BestLMS,Graded,10/20/21 9:23,100,A+,2942252038,100033959,10/19/21 23:59,10/19/21 23:59,,
236790202,BestLMS,Late,10/21/21 9:23,65,F,2942252038,100033960,10/19/21 23:59,10/19/21 23:59,,
236790203,BestLMS,Graded,10/20/21 9:23,100,A+,2942252038,100033961,10/19/21 23:59,10/19/21 23:59,,
236790204,BestLMS,Graded,10/20/21 9:23,93,A-,2942252038,100033962,10/19/21 23:59,10/19/21 23:59,,
236790205,BestLMS,Graded,10/20/21 9:23,92,A-,2942252038,100033963,10/19/21 23:59,10/19/21 23:59,,
236790206,BestLMS,Late,10/21/21 9:23,60,F,2942252038,100033964,10/19/21 23:59,10/19/21 23:59,,
236790207,BestLMS,Graded,10/20/21 9:23,80,B-,2942252038,100033965,10/19/21 23:59,10/19/21 23:59,,
236790208,BestLMS,Graded,10/20/21 9:23,100,A+,2942252038,100033966,10/19/21 23:59,10/19/21 23:59,,
236790209,BestLMS,Graded,10/20/21 9:23,98,A+,2942252038,100033967,10/19/21 23:59,10/19/21 23:59,,
236790210,BestLMS,Graded,10/20/21 9:23,77,C,2942252038,100033968,10/19/21 23:59,10/19/21 23:59,,
236790211,BestLMS,Late,10/21/21 9:23,90,A-,2942252038,100033969,10/19/21 23:59,10/19/21 23:59,,
236790212,BestLMS,Graded,10/20/21 9:23,90,A-,2942252038,100033970,10/19/21 23:59,10/19/21 23:59,,
236790213,BestLMS,Graded,10/20/21 9:23,100,A+,2942252038,100033971,10/19/21 23:59,10/19/21 23:59,,
236790214,BestLMS,Graded,10/20/21 9:23,94,A,2942252038,100033972,10/19/21 23:59,10/19/21 23:59,,
236790215,BestLMS,Graded,10/20/21 9:23,95,A,2942252038,100033973,10/19/21 23:59,10/19/21 23:59,,
236790216,BestLMS,Late,10/21/21 9:23,94,A,2942252038,100033974,10/19/21 23:59,10/19/21 23:59,,
236790243,BestLMS,Graded,10/29/21 23:59,70,D-,2942252040,100033951,10/27/21 23:59,10/27/21 23:59,,
236790244,BestLMS,Graded,10/29/21 23:59,76,C-,2942252040,100033952,10/27/21 23:59,10/27/21 23:59,,
236790245,BestLMS,Graded,10/29/21 23:59,100,A+,2942252040,100033953,10/27/21 23:59,10/27/21 23:59,,
236790246,BestLMS,Graded,10/29/21 23:59,70,D-,2942252040,100033954,10/27/21 23:59,10/27/21 23:59,,
236790247,BestLMS,Graded,10/29/21 23:59,94,A,2942252040,100033955,10/27/21 23:59,10/27/21 23:59,,
236790248,BestLMS,Missing,,0,F,2942252040,100033956,10/27/21 23:59,10/27/21 23:59,,
236790249,BestLMS,Graded,10/29/21 23:59,76,C-,2942252040,100033957,10/27/21 23:59,10/27/21 23:59,,
236790250,BestLMS,Graded,10/29/21 23:59,86,B,2942252040,100033958,10/27/21 23:59,10/27/21 23:59,,
236790251,BestLMS,Graded,10/29/21 23:59,86,B,2942252040,100033959,10/27/21 23:59,10/27/21 23:59,,
236790252,BestLMS,Late,10/30/21 23:59,57,F,2942252040,100033960,10/27/21 23:59,10/27/21 23:59,,
236790253,BestLMS,Graded,10/29/21 23:59,88,B+,2942252040,100033961,10/27/21 23:59,10/27/21 23:59,,
236790254,BestLMS,Graded,10/29/21 23:59,100,A+,2942252040,100033962,10/27/21 23:59,10/27/21 23:59,,
236790255,BestLMS,Graded,10/29/21 23:59,86,B,2942252040,100033963,10/27/21 23:59,10/27/21 23:59,,
236790256,BestLMS,Late,10/30/21 23:59,64,F,2942252040,100033964,10/27/21 23:59,10/27/21 23:59,,
236790257,BestLMS,Graded,10/29/21 23:59,70,D-,2942252040,100033965,10/27/21 23:59,10/27/21 23:59,,
236790258,BestLMS,Graded,10/29/21 23:59,100,A+,2942252040,100033966,10/27/21 23:59,10/27/21 23:59,,
236790259,BestLMS,Graded,10/29/21 23:59,95,A,2942252040,100033967,10/27/21 23:59,10/27/21 23:59,,
236790260,BestLMS,Late,10/30/21 23:59,71,D-,2942252040,100033968,10/27/21 23:59,10/27/21 23:59,,
236790261,BestLMS,Graded,10/29/21 23:59,80,B-,2942252040,100033969,10/27/21 23:59,10/27/21 23:59,,
236790262,BestLMS,Graded,10/29/21 23:59,90,A-,2942252040,100033970,10/27/21 23:59,10/27/21 23:59,,
236790263,BestLMS,Graded,10/29/21 23:59,92,A-,2942252040,100033971,10/27/21 23:59,10/27/21 23:59,,
236790264,BestLMS,Graded,10/29/21 23:59,96,A,2942252040,100033972,10/27/21 23:59,10/27/21 23:59,,
236790265,BestLMS,Graded,10/29/21 23:59,91,A-,2942252040,100033973,10/27/21 23:59,10/27/21 23:59,,
236790266,BestLMS,Graded,10/29/21 23:59,98,A+,2942252040,100033974,10/27/21 23:59,10/27/21 23:59,,
236790293,BestLMS,Graded,11/5/21 23:59,72,D-,2942252042,100033951,11/3/21 23:59,11/3/21 23:59,,
236790294,BestLMS,Graded,11/5/21 23:59,72,D ,2942252042,100033952,11/3/21 23:59,11/3/21 23:59,,
236790295,BestLMS,Graded,11/5/21 23:59,97,A,2942252042,100033953,11/3/21 23:59,11/3/21 23:59,,
236790296,BestLMS,Graded,11/5/21 23:59,60,F,2942252042,100033954,11/3/21 23:59,11/3/21 23:59,,
236790297,BestLMS,Graded,11/5/21 23:59,92,A-,2942252042,100033955,11/3/21 23:59,11/3/21 23:59,,
236790298,BestLMS,Missing,,0,F,2942252042,100033956,11/3/21 23:59,11/3/21 23:59,,
236790299,BestLMS,Missing,,0,F,2942252042,100033957,11/3/21 23:59,11/3/21 23:59,,
236790300,BestLMS,Graded,11/5/21 23:59,70,D-,2942252042,100033958,11/3/21 23:59,11/3/21 23:59,,
236790301,BestLMS,Graded,11/5/21 23:59,95,A,2942252042,100033959,11/3/21 23:59,11/3/21 23:59,,
236790302,BestLMS,Late,11/6/21 23:59,60,F,2942252042,100033960,11/3/21 23:59,11/3/21 23:59,,
236790303,BestLMS,Graded,11/5/21 23:59,96,A,2942252042,100033961,11/3/21 23:59,11/3/21 23:59,,
236790304,BestLMS,Graded,11/5/21 23:59,86,B,2942252042,100033962,11/3/21 23:59,11/3/21 23:59,,
236790305,BestLMS,Graded,11/5/21 23:59,86,B,2942252042,100033963,11/3/21 23:59,11/3/21 23:59,,
236790306,BestLMS,Late,11/6/21 23:59,70,D-,2942252042,100033964,11/3/21 23:59,11/3/21 23:59,,
236790307,BestLMS,Graded,11/5/21 23:59,77,C,2942252042,100033965,11/3/21 23:59,11/3/21 23:59,,
236790308,BestLMS,Graded,11/5/21 23:59,100,A+,2942252042,100033966,11/3/21 23:59,11/3/21 23:59,,
236790309,BestLMS,Graded,11/5/21 23:59,91,A-,2942252042,100033967,11/3/21 23:59,11/3/21 23:59,,
236790310,BestLMS,Late,11/6/21 23:59,70,D-,2942252042,100033968,11/3/21 23:59,11/3/21 23:59,,
236790311,BestLMS,Graded,11/5/21 23:59,85,B,2942252042,100033969,11/3/21 23:59,11/3/21 23:59,,
236790312,BestLMS,Graded,11/5/21 23:59,88,B+,2942252042,100033970,11/3/21 23:59,11/3/21 23:59,,
236790313,BestLMS,Graded,11/5/21 23:59,97,A+,2942252042,100033971,11/3/21 23:59,11/3/21 23:59,,
236790314,BestLMS,Graded,11/5/21 23:59,100,A+,2942252042,100033972,11/3/21 23:59,11/3/21 23:59,,
236790315,BestLMS,Graded,11/5/21 23:59,90,A-,2942252042,100033973,11/3/21 23:59,11/3/21 23:59,,
236790316,BestLMS,Graded,11/5/21 23:59,96,A,2942252042,100033974,11/3/21 23:59,11/3/21 23:59,,
236790343,BestLMS,Missing,,0,F,2942252044,100033951,11/10/21 20:32,11/10/21 20:32,,
236790344,BestLMS,Graded,11/12/21 20:32,84,B,2942252044,100033952,11/10/21 20:32,11/10/21 20:32,,
236790345,BestLMS,Graded,11/12/21 20:32,93,A,2942252044,100033953,11/10/21 20:32,11/10/21 20:32,,
236790346,BestLMS,Late,11/13/21 20:32,60,F,2942252044,100033954,11/10/21 20:32,11/10/21 20:32,,
236790347,BestLMS,Graded,11/12/21 20:32,100,A+,2942252044,100033955,11/10/21 20:32,11/10/21 20:32,,
236790348,BestLMS,Graded,11/12/21 20:32,61,F,2942252044,100033956,11/10/21 20:32,11/10/21 20:32,,
236790349,BestLMS,Graded,11/12/21 20:32,76,C-,2942252044,100033957,11/10/21 20:32,11/10/21 20:32,,
236790350,BestLMS,Graded,11/12/21 20:32,66,F,2942252044,100033958,11/10/21 20:32,11/10/21 20:32,,
236790351,BestLMS,Graded,11/12/21 20:32,91,A-,2942252044,100033959,11/10/21 20:32,11/10/21 20:32,,
236790352,BestLMS,Late,11/13/21 20:32,62,F,2942252044,100033960,11/10/21 20:32,11/10/21 20:32,,
236790353,BestLMS,Graded,11/12/21 20:32,92,A-,2942252044,100033961,11/10/21 20:32,11/10/21 20:32,,
236790354,BestLMS,Graded,11/12/21 20:32,93,A-,2942252044,100033962,11/10/21 20:32,11/10/21 20:32,,
236790355,BestLMS,Graded,11/12/21 20:32,92,A-,2942252044,100033963,11/10/21 20:32,11/10/21 20:32,,
236790356,BestLMS,Missing,,0,F,2942252044,100033964,11/10/21 20:32,11/10/21 20:32,,
236790357,BestLMS,Graded,11/12/21 20:32,73,D,2942252044,100033965,11/10/21 20:32,11/10/21 20:32,,
236790358,BestLMS,Graded,11/12/21 20:32,100,A+,2942252044,100033966,11/10/21 20:32,11/10/21 20:32,,
236790359,BestLMS,Graded,11/12/21 20:32,88,B+,2942252044,100033967,11/10/21 20:32,11/10/21 20:32,,
236790360,BestLMS,Graded,11/12/21 20:32,78,C,2942252044,100033968,11/10/21 20:32,11/10/21 20:32,,
236790361,BestLMS,Graded,11/12/21 20:32,85,B,2942252044,100033969,11/10/21 20:32,11/10/21 20:32,,
236790362,BestLMS,Graded,11/12/21 20:32,88,B+,2942252044,100033970,11/10/21 20:32,11/10/21 20:32,,
236790363,BestLMS,Graded,11/12/21 20:32,95,A,2942252044,100033971,11/10/21 20:32,11/10/21 20:32,,
236790364,BestLMS,Graded,11/12/21 20:32,100,A+,2942252044,100033972,11/10/21 20:32,11/10/21 20:32,,
236790365,BestLMS,Graded,11/12/21 20:32,96,A,2942252044,100033973,11/10/21 20:32,11/10/21 20:32,,
236790366,BestLMS,Graded,11/12/21 20:32,96,A,2942252044,100033974,11/10/21 20:32,11/10/21 20:32,,
236790393,BestLMS,Late,11/18/21 23:59,62,F,2942252046,100033951,11/16/21 23:59,11/16/21 23:59,,
236790394,BestLMS,Graded,11/17/21 23:59,78,C,2942252046,100033952,11/16/21 23:59,11/16/21 23:59,,
236790395,BestLMS,Graded,11/17/21 23:59,95,A,2942252046,100033953,11/16/21 23:59,11/16/21 23:59,,
236790396,BestLMS,Graded,11/17/21 23:59,65,F,2942252046,100033954,11/16/21 23:59,11/16/21 23:59,,
236790397,BestLMS,Graded,11/17/21 23:59,96,A,2942252046,100033955,11/16/21 23:59,11/16/21 23:59,,
236790398,BestLMS,Late,11/18/21 23:59,61,F,2942252046,100033956,11/16/21 23:59,11/16/21 23:59,,
236790399,BestLMS,Graded,11/17/21 23:59,76,C-,2942252046,100033957,11/16/21 23:59,11/16/21 23:59,,
236790400,BestLMS,Graded,11/17/21 23:59,68,F,2942252046,100033958,11/16/21 23:59,11/16/21 23:59,,
236790401,BestLMS,Graded,11/17/21 23:59,93,A,2942252046,100033959,11/16/21 23:59,11/16/21 23:59,,
236790402,BestLMS,Late,11/18/21 23:59,61,F,2942252046,100033960,11/16/21 23:59,11/16/21 23:59,,
236790403,BestLMS,Graded,11/17/21 23:59,94,A,2942252046,100033961,11/16/21 23:59,11/16/21 23:59,,
236790404,BestLMS,Graded,11/17/21 23:59,93,A,2942252046,100033962,11/16/21 23:59,11/16/21 23:59,,
236790405,BestLMS,Graded,11/17/21 23:59,89,B+,2942252046,100033963,11/16/21 23:59,11/16/21 23:59,,
236790406,BestLMS,Late,11/18/21 23:59,62,F,2942252046,100033964,11/16/21 23:59,11/16/21 23:59,,
236790407,BestLMS,Graded,11/17/21 23:59,75,C-,2942252046,100033965,11/16/21 23:59,11/16/21 23:59,,
236790408,BestLMS,Graded,11/17/21 23:59,100,A+,2942252046,100033966,11/16/21 23:59,11/16/21 23:59,,
236790409,BestLMS,Graded,11/17/21 23:59,93,A,2942252046,100033967,11/16/21 23:59,11/16/21 23:59,,
236790410,BestLMS,Late,11/18/21 23:59,74,D+,2942252046,100033968,11/16/21 23:59,11/16/21 23:59,,
236790411,BestLMS,Graded,11/17/21 23:59,85,B,2942252046,100033969,11/16/21 23:59,11/16/21 23:59,,
236790412,BestLMS,Graded,11/17/21 23:59,89,B+,2942252046,100033970,11/16/21 23:59,11/16/21 23:59,,
236790413,BestLMS,Graded,11/17/21 23:59,96,A,2942252046,100033971,11/16/21 23:59,11/16/21 23:59,,
236790414,BestLMS,Graded,11/17/21 23:59,95,A,2942252046,100033972,11/16/21 23:59,11/16/21 23:59,,
236790415,BestLMS,Graded,11/17/21 23:59,93,A,2942252046,100033973,11/16/21 23:59,11/16/21 23:59,,
236790416,BestLMS,Graded,11/17/21 23:59,96,A-,2942252046,100033974,11/16/21 23:59,11/16/21 23:59,,